"Journal Data Filtered By:  Selected JCR Year: 2018 Selected Editions: SCIE,SSCI Selected Categories: 'BUSINESS','BUSINESS, FINANCE','ECONOMICS','INDUSTRIAL RELATIONS & LABOR','MANAGEMENT','OPERATIONS RESEARCH & MANAGEMENT SCIENCE' Selected Category Scheme: WoS",,,,,
Rank,Full Journal Title,Total Cites,Journal Impact Factor,Eigenfactor Score,Article Influence Score
1,Academy of Management Annals,"3,693",12.289,0.009790,8.629
2,QUARTERLY JOURNAL OF ECONOMICS,"28,500",11.775,0.055270,20.930
3,ACADEMY OF MANAGEMENT REVIEW,"35,903",10.632,0.011690,6.562
4,JOURNAL OF THE ACADEMY OF MARKETING SCIENCE,"11,493",9.360,0.006170,2.270
5,JOURNAL OF MANAGEMENT,"22,640",9.056,0.022860,4.796
6,ORGANIZATION & ENVIRONMENT,"1,722",8.500,0.001700,1.321
7,ADMINISTRATIVE SCIENCE QUARTERLY,"19,327",8.024,0.008750,6.629
8,JOURNAL OF MARKETING,"24,994",7.821,0.008270,2.887
9,JOURNAL OF OPERATIONS MANAGEMENT,"10,651",7.776,0.006330,2.664
9,JOURNAL OF OPERATIONS MANAGEMENT,"10,651",7.776,0.006330,2.664
11,JOURNAL OF INTERNATIONAL BUSINESS STUDIES,"15,419",7.724,0.008020,2.423
12,INTERNATIONAL JOURNAL OF MANAGEMENT REVIEWS,"4,174",7.600,0.003700,2.339
13,ACADEMY OF MANAGEMENT JOURNAL,"39,363",7.191,0.029750,5.689
14,Annual Review of Organizational Psychology and Organizational Behavior,984,7.179,0.005340,4.815
15,Journal of Supply Chain Management,"2,887",7.125,0.003120,2.212
16,PERSONNEL PSYCHOLOGY,"7,753",6.930,0.005570,3.610
17,ECONOMIC GEOGRAPHY,"3,351",6.861,0.002520,2.225
18,Review of Environmental Economics and Policy,"1,136",6.649,0.003390,3.131
19,ORGANIZATIONAL RESEARCH METHODS,"6,139",6.551,0.006910,4.325
20,JOURNAL OF ECONOMIC PERSPECTIVES,"12,975",6.451,0.020290,6.924
21,Business Strategy and the Environment,"5,266",6.381,0.002200,0.685
22,JOURNAL OF POLITICAL ECONOMY,"25,790",6.342,0.032020,11.829
23,JOURNAL OF BUSINESS VENTURING,"12,076",6.333,0.007920,2.803
24,JOURNAL OF FINANCE,"39,005",6.201,0.047960,10.622
25,ENTREPRENEURSHIP THEORY AND PRACTICE,"10,948",6.193,0.008540,2.529
26,Family Business Review,"3,374",6.188,0.001700,1.538
27,JOURNAL OF ECONOMIC GROWTH,"2,498",6.154,0.003560,4.289
28,TOURISM MANAGEMENT,"20,615",6.012,0.012610,1.028
29,NBER Macroeconomics Annual,797,5.923,0.004370,Not Available
30,JOURNAL OF MANAGEMENT STUDIES,"11,622",5.839,0.008730,2.967
31,JOURNAL OF WORLD BUSINESS,"5,206",5.789,0.004820,1.194
32,HARVARD BUSINESS REVIEW,"18,160",5.691,0.013090,2.141
33,BROOKINGS PAPERS ON ECONOMIC ACTIVITY,"2,952",5.655,0.005990,6.680
34,LEADERSHIP QUARTERLY,"10,030",5.631,0.007940,1.993
35,STRATEGIC MANAGEMENT JOURNAL,"34,978",5.572,0.027150,3.296
36,Corporate Social Responsibility and Environmental Management,"2,809",5.513,0.001220,0.579
37,RESEARCH POLICY,"23,214",5.425,0.018800,2.040
38,JOURNAL OF ECONOMIC LITERATURE,"9,182",5.410,0.013090,7.871
39,OMEGA-INTERNATIONAL JOURNAL OF MANAGEMENT SCIENCE,"8,781",5.341,0.009470,1.391
39,OMEGA-INTERNATIONAL JOURNAL OF MANAGEMENT SCIENCE,"8,781",5.341,0.009470,1.391
41,TECHNOVATION,"5,957",5.250,0.002910,1.019
41,TECHNOVATION,"5,957",5.250,0.002910,1.019
43,INTERNATIONAL JOURNAL OF PHYSICAL DISTRIBUTION & LOGISTICS MANAGEMENT,"4,483",5.212,0.002100,0.784
44,JOURNAL OF APPLIED PSYCHOLOGY,"38,675",5.067,0.021580,3.420
45,VALUE IN HEALTH,"8,819",5.037,0.018200,2.082
46,Business & Society,"2,837",5.013,0.001900,0.908
47,CALIFORNIA MANAGEMENT REVIEW,"5,667",5.000,0.002260,1.259
47,JOURNAL OF ORGANIZATIONAL BEHAVIOR,"12,028",5.000,0.010240,2.211
49,INTERNATIONAL JOURNAL OF PRODUCTION ECONOMICS,"22,383",4.998,0.020170,0.933
50,REVIEW OF FINANCIAL STUDIES,"15,972",4.975,0.041550,6.753
51,JOURNAL OF ACCOUNTING RESEARCH,"9,026",4.891,0.007530,3.546
52,ENERGY POLICY,"47,238",4.880,0.043920,1.014
53,INDUSTRIAL MARKETING MANAGEMENT,"9,758",4.779,0.006010,0.692
54,REVIEW OF ECONOMIC STUDIES,"13,674",4.767,0.034660,10.296
55,Operations Management Research,332,4.727,0.000370,0.557
56,JOURNAL OF CONSUMER RESEARCH,"20,065",4.701,0.011900,2.583
57,INTERNATIONAL JOURNAL OF PROJECT MANAGEMENT,"9,382",4.694,0.006030,0.751
58,JOURNAL OF FINANCIAL ECONOMICS,"32,678",4.693,0.053420,6.557
59,JOURNAL OF INTERACTIVE MARKETING,"3,450",4.691,0.002380,1.541
60,Journal of Knowledge Management,"4,349",4.604,0.001800,0.406
61,TRANSPORTATION RESEARCH PART B-METHODOLOGICAL,"11,541",4.574,0.013340,1.221
61,TRANSPORTATION RESEARCH PART B-METHODOLOGICAL,"11,541",4.574,0.013340,1.221
63,ACCOUNTING REVIEW,"12,171",4.562,0.011140,2.319
64,IEEE Systems Journal,"4,736",4.463,0.008680,0.879
65,JOURNAL OF LABOR ECONOMICS,"4,520",4.452,0.014010,5.994
66,MIS QUARTERLY,"17,042",4.373,0.009900,2.830
67,FORBES,"2,806",4.368,0.010270,0.880
68,Technological and Economic Development of Economy,"1,362",4.344,0.001450,0.457
69,American Economic Journal-Applied Economics,"2,807",4.304,0.017820,7.030
70,SUPPLY CHAIN MANAGEMENT-AN INTERNATIONAL JOURNAL,"5,566",4.296,0.003030,1.032
71,EXPERT SYSTEMS WITH APPLICATIONS,"39,173",4.292,0.036290,0.790
72,ECOLOGICAL ECONOMICS,"25,091",4.281,0.018440,1.114
72,ECONOMETRICA,"35,295",4.281,0.049980,12.055
74,TRANSPORTATION RESEARCH PART E-LOGISTICS AND TRANSPORTATION REVIEW,"6,485",4.253,0.008460,0.980
74,TRANSPORTATION RESEARCH PART E-LOGISTICS AND TRANSPORTATION REVIEW,"6,485",4.253,0.008460,0.980
76,MANAGEMENT SCIENCE,"33,333",4.219,0.046700,3.775
76,MANAGEMENT SCIENCE,"33,333",4.219,0.046700,3.775
78,JOURNAL OF MARKETING RESEARCH,"20,463",4.200,0.011660,3.078
79,JOURNAL OF ENVIRONMENTAL ECONOMICS AND MANAGEMENT,"6,354",4.175,0.006370,1.700
80,ENERGY ECONOMICS,"15,850",4.151,0.019760,1.071
81,Fuzzy Optimization and Decision Making,"1,059",4.128,0.001330,0.834
82,INFORMATION & MANAGEMENT,"7,129",4.120,0.004600,0.913
83,INTERNATIONAL JOURNAL OF OPERATIONS & PRODUCTION MANAGEMENT,"7,637",4.111,0.003450,0.799
83,Organizational Psychology Review,472,4.111,0.001670,1.757
85,Internet Research,"2,395",4.109,0.001720,0.598
86,AMERICAN ECONOMIC REVIEW,"55,340",4.097,0.125990,8.348
87,JOURNAL OF SERVICE RESEARCH,"4,513",4.071,0.003050,1.545
88,Management Accounting Research,"2,823",4.044,0.001030,0.762
89,RELIABILITY ENGINEERING & SYSTEM SAFETY,"12,968",4.039,0.015330,0.959
90,JOURNAL OF TECHNOLOGY TRANSFER,"2,957",4.037,0.002810,0.758
91,JOURNAL OF BUSINESS RESEARCH,"23,613",4.028,0.021330,0.774
92,JOURNAL OF STRATEGIC INFORMATION SYSTEMS,"1,665",4.000,0.001100,0.959
93,International Journal of Contemporary Hospitality Management,"4,672",3.957,0.003300,0.516
94,Research in Organizational Behavior,"3,851",3.955,0.001660,2.572
95,WORLD DEVELOPMENT,"19,090",3.905,0.023220,1.470
96,Academy of Management Perspectives,"2,954",3.857,0.004770,3.067
96,JOURNAL OF HUMAN RESOURCES,"5,323",3.857,0.013090,6.198
98,DECISION SUPPORT SYSTEMS,"9,734",3.847,0.009800,1.014
99,JOURNAL OF POLICY ANALYSIS AND MANAGEMENT,"2,534",3.828,0.006270,3.048
100,TECHNOLOGICAL FORECASTING AND SOCIAL CHANGE,"10,332",3.815,0.012320,0.710
101,EUROPEAN JOURNAL OF OPERATIONAL RESEARCH,"48,466",3.806,0.044390,1.056
102,Journal of Destination Marketing & Management,994,3.800,0.001130,0.517
103,JOURNAL OF BUSINESS ETHICS,"28,253",3.796,0.017780,0.818
104,FOOD POLICY,"6,102",3.788,0.009030,1.258
105,MATHEMATICAL PROGRAMMING,"10,771",3.785,0.022470,2.961
106,JOURNAL OF PRODUCT INNOVATION MANAGEMENT,"6,596",3.781,0.005660,1.240
107,JOURNAL OF ACCOUNTING & ECONOMICS,"10,828",3.753,0.009060,3.632
108,Journal of Intellectual Capital,"2,591",3.744,0.000520,Not Available
109,American Economic Journal-Economic Policy,"2,049",3.733,0.017170,5.857
110,International Small Business Journal-Researching Entrepreneurship,"2,961",3.706,0.002580,0.808
111,Annual Review of Economics,"1,537",3.705,0.010330,6.263
111,PHARMACOECONOMICS,"4,775",3.705,0.009090,1.500
113,TRANSPORTATION RESEARCH PART A-POLICY AND PRACTICE,"9,871",3.693,0.012230,0.957
114,JOURNAL OF RETAILING,"7,649",3.671,0.003650,1.528
115,JOURNAL OF MANUFACTURING SYSTEMS,"2,851",3.642,0.004030,0.690
116,International Business Review,"4,879",3.639,0.003820,0.616
117,REVIEW OF ECONOMICS AND STATISTICS,"15,949",3.636,0.032020,5.945
118,HUMAN RESOURCE MANAGEMENT REVIEW,"2,086",3.625,0.002290,1.094
119,SAFETY SCIENCE,"9,895",3.619,0.011840,0.758
120,Journal of Retailing and Consumer Services,"4,313",3.585,0.003670,Not Available
121,Marketing Theory,"1,882",3.577,0.001520,0.834
122,Journal of Transport Geography,"7,268",3.560,0.008910,0.945
123,Economic Systems Research,"1,660",3.556,0.002850,1.638
124,SMALL BUSINESS ECONOMICS,"7,096",3.555,0.006470,0.977
125,Electronic Markets,874,3.553,0.000880,0.581
126,ORGANIZATION STUDIES,"8,184",3.543,0.007890,1.840
127,JOURNAL OF ADVERTISING,"4,143",3.518,0.002410,1.022
128,INTERNATIONAL MARKETING REVIEW,"2,667",3.447,0.001320,0.621
129,INTERNATIONAL JOURNAL OF ELECTRONIC COMMERCE,"2,073",3.439,0.000930,0.785
130,ECONOMIC POLICY,"1,518",3.424,0.003400,3.142
131,CORPORATE GOVERNANCE-AN INTERNATIONAL REVIEW,"3,289",3.390,0.001780,0.921
132,INTERNATIONAL JOURNAL OF FORECASTING,"4,510",3.386,0.006720,1.286
133,JOURNAL OF INTERNATIONAL MARKETING,"2,066",3.375,0.001170,0.888
134,HUMAN RELATIONS,"9,176",3.367,0.006700,1.451
135,LONG RANGE PLANNING,"4,841",3.363,0.002740,1.107
136,JOURNAL OF ECONOMIC GEOGRAPHY,"4,230",3.359,0.005800,1.971
137,JOURNAL OF HEALTH ECONOMICS,"7,220",3.352,0.014840,2.538
138,PRODUCTION PLANNING & CONTROL,"3,270",3.340,0.002400,0.417
139,Socio-Economic Review,"1,552",3.328,0.003430,1.736
140,INTERNATIONAL JOURNAL OF RESEARCH IN MARKETING,"3,964",3.320,0.003770,1.124
141,TRANSPORTATION SCIENCE,"5,487",3.310,0.005440,1.388
142,Journal of the European Economic Association,"4,181",3.296,0.018800,6.137
143,Academy of Management Learning & Education,"2,868",3.274,0.001970,0.979
144,ORGANIZATION SCIENCE,"19,658",3.257,0.019220,3.386
145,BRQ-Business Research Quarterly,255,3.250,0.000280,0.271
146,Journal of Service Management,"1,754",3.230,0.001820,0.816
147,JOURNAL OF INFORMATION TECHNOLOGY,"1,392",3.225,0.001650,1.203
147,Journal of Family Business Strategy,795,3.225,0.001200,0.772
149,INTERNATIONAL JOURNAL OF PRODUCTION RESEARCH,"17,976",3.199,0.015850,0.540
150,Transport Policy,"5,475",3.190,0.005940,0.704
151,Journal of Business Logistics,"2,888",3.171,0.001870,1.223
152,Public Management Review,"2,976",3.162,0.004250,1.006
153,Industry and Innovation,"1,427",3.157,0.001580,0.687
154,INTERNATIONAL JOURNAL OF HUMAN RESOURCE MANAGEMENT,"7,678",3.150,0.006030,0.608
155,ACCOUNTING ORGANIZATIONS AND SOCIETY,"7,771",3.147,0.003040,1.259
156,JOURNAL OF SMALL BUSINESS MANAGEMENT,"4,039",3.120,0.002630,0.725
157,Strategic Organization,"1,359",3.109,0.002240,1.699
158,GROUP & ORGANIZATION MANAGEMENT,"2,557",3.104,0.001940,1.169
159,FOREST POLICY AND ECONOMICS,"4,387",3.099,0.004980,0.575
160,Journal of Purchasing and Supply Management,"1,785",3.089,0.001400,0.832
161,NEW POLITICAL ECONOMY,"1,344",3.085,0.002860,1.073
162,REGIONAL STUDIES,"7,727",3.074,0.008720,1.067
163,American Economic Journal-Macroeconomics,"1,872",3.032,0.017310,8.354
164,JOURNAL OF MANAGEMENT INFORMATION SYSTEMS,"4,899",3.013,0.003510,1.274
165,Journal of Hospitality Marketing & Management,"1,308",3.011,0.001090,Not Available
166,COMPUTERS & OPERATIONS RESEARCH,"12,444",3.002,0.014220,0.902
167,Human Resource Development Quarterly,"1,482",3.000,0.000670,0.600
168,European Management Journal,"3,775",2.985,0.002660,0.630
169,British Accounting Review,"1,840",2.984,0.000920,0.506
170,Annual Review of Resource Economics,745,2.978,0.002660,1.739
171,Strategic Entrepreneurship Journal,"1,770",2.956,0.001990,1.438
172,HUMAN RESOURCE MANAGEMENT,"3,843",2.934,0.003410,1.001
173,ENTREPRENEURSHIP AND REGIONAL DEVELOPMENT,"2,913",2.928,0.001750,0.740
174,ECONOMIC JOURNAL,"13,617",2.926,0.020540,3.458
175,Business Ethics-A European Review,"1,540",2.919,0.000960,0.470
176,Electronic Commerce Research and Applications,"2,110",2.911,0.001940,0.649
177,ORGANIZATIONAL BEHAVIOR AND HUMAN DECISION PROCESSES,"11,555",2.908,0.007840,2.160
178,IIE TRANSACTIONS,"4,173",2.884,0.004160,0.899
179,INTERNATIONAL JOURNAL OF INFORMATION TECHNOLOGY & DECISION MAKING,"1,130",2.862,0.001430,0.397
180,JOURNAL OF DEVELOPMENT ECONOMICS,"8,391",2.855,0.015700,2.649
181,Human Resource Management Journal,"1,026",2.843,0.001630,0.762
182,Journal of International Management,"1,742",2.830,0.001430,0.828
183,BUSINESS HORIZONS,"4,639",2.828,0.002310,0.498
183,International Journal of Logistics-Research and Applications,"1,083",2.828,0.000740,0.369
185,Cambridge Journal of Regions Economy and Society,"1,492",2.823,0.002520,1.292
186,Marine Resource Economics,"1,031",2.800,0.000840,0.580
186,REVIEW OF INTERNATIONAL POLITICAL ECONOMY,"2,236",2.800,0.004160,1.552
188,BUSINESS ETHICS QUARTERLY,"2,266",2.788,0.001370,1.197
189,JOURNAL OF ECONOMIC SURVEYS,"3,096",2.758,0.005570,1.826
190,BRITISH JOURNAL OF MANAGEMENT,"4,496",2.750,0.003500,1.087
191,JCMS-Journal of Common Market Studies,"3,530",2.746,0.006100,0.989
192,Asia Pacific Journal of Management,"2,604",2.737,0.001970,0.684
193,Global Strategy Journal,901,2.730,0.001420,1.222
194,JOURNAL OF BUSINESS & ECONOMIC STATISTICS,"5,249",2.716,0.008850,3.335
195,ORGANIZATION,"3,164",2.704,0.003150,1.070
196,MANAGEMENT INTERNATIONAL REVIEW,"2,227",2.689,0.001470,0.701
197,Memetic Computing,469,2.674,0.000530,0.386
198,M&SOM-Manufacturing & Service Operations Management,"2,581",2.667,0.005260,1.918
198,M&SOM-Manufacturing & Service Operations Management,"2,581",2.667,0.005260,1.918
200,Applied Health Economics and Health Policy,"1,126",2.664,0.003340,Not Available
201,WORK AND OCCUPATIONS,"1,249",2.655,0.001100,1.068
202,AUDITING-A JOURNAL OF PRACTICE & THEORY,"2,875",2.642,0.002130,0.931
202,Journal of Manufacturing Technology Management,"1,854",2.642,0.000900,Not Available
204,SYSTEMS & CONTROL LETTERS,"8,295",2.624,0.013390,1.384
205,Cross Cultural & Strategic Management,183,2.619,0.000260,0.322
206,OPERATIONS RESEARCH,"13,584",2.604,0.012950,2.031
206,OPERATIONS RESEARCH,"13,584",2.604,0.012950,2.031
208,European Journal of Work and Organizational Psychology,"3,152",2.598,0.004630,1.130
209,JOURNAL OF FINANCIAL INTERMEDIATION,"2,042",2.588,0.003790,2.161
210,JOURNAL OF BUSINESS AND PSYCHOLOGY,"3,003",2.582,0.004050,1.464
211,Human Resources for Health,"2,504",2.547,0.005120,0.961
212,Accounting Auditing & Accountability Journal,"4,412",2.537,0.001920,0.556
212,International Entrepreneurship and Management Journal,"1,311",2.537,0.001130,0.362
214,AMERICAN JOURNAL OF AGRICULTURAL ECONOMICS,"7,933",2.532,0.006790,1.196
215,MATHEMATICAL FINANCE,"2,149",2.529,0.003930,1.887
216,Critical Perspectives on Accounting,"2,237",2.528,0.001570,0.507
217,Flexible Services and Manufacturing Journal,542,2.519,0.001310,0.794
218,JOURNAL OF AGRICULTURAL ECONOMICS,"2,042",2.506,0.002150,0.827
219,Journal of Hospitality and Tourism Management,937,2.496,0.000800,Not Available
220,Cornell Hospitality Quarterly,"1,351",2.492,0.001440,0.650
221,MARKETING SCIENCE,"6,826",2.490,0.008040,2.381
222,Human Resource Development Review,"1,028",2.487,0.000400,0.311
223,Tourism Management Perspectives,"1,241",2.485,0.001870,Not Available
224,INTERNATIONAL JOURNAL OF SYSTEMS SCIENCE,"5,049",2.469,0.008670,0.512
225,JOURNAL OF CONSUMER PSYCHOLOGY,"4,822",2.466,0.005980,1.710
226,INFORMATION SYSTEMS RESEARCH,"7,491",2.457,0.008410,2.591
226,JOURNAL OF PUBLIC POLICY & MARKETING,"1,785",2.457,0.001200,0.734
228,ENERGY JOURNAL,"2,880",2.456,0.002950,0.849
229,JOURNAL OF URBAN ECONOMICS,"5,451",2.447,0.007220,2.253
230,JOURNAL OF MONETARY ECONOMICS,"8,467",2.444,0.023230,5.516
231,Education Finance and Policy,491,2.429,0.002020,1.460
232,AGRICULTURAL ECONOMICS,"3,776",2.423,0.004620,0.998
233,Journal of Services Marketing,"3,562",2.421,0.001610,0.441
234,EUROPEAN REVIEW OF AGRICULTURAL ECONOMICS,"1,497",2.419,0.001670,0.781
235,Management and Organization Review,"1,535",2.400,0.001410,0.784
236,Review of Managerial Science,429,2.393,0.000500,0.285
237,Journal of Marketing Management,"2,276",2.392,0.002090,Not Available
237,OXFORD REVIEW OF ECONOMIC POLICY,"2,166",2.392,0.001930,0.843
239,INTERNATIONAL JOURNAL OF ENTREPRENEURIAL BEHAVIOR & RESEARCH,"1,628",2.391,0.000780,Not Available
240,Journal of Nursing Management,"3,660",2.386,0.004220,0.618
241,RESOURCE AND ENERGY ECONOMICS,"2,109",2.367,0.002280,0.826
242,WORK EMPLOYMENT AND SOCIETY,"2,572",2.364,0.003480,0.989
243,Journal of Service Theory and Practice,347,2.363,0.000520,0.301
244,R & D MANAGEMENT,"3,210",2.354,0.001530,0.520
245,JOURNAL OF CORPORATE FINANCE,"5,049",2.349,0.008040,1.045
246,International Transactions in Operational Research,"1,488",2.341,0.001910,0.536
246,International Transactions in Operational Research,"1,488",2.341,0.001910,0.536
248,JOURNAL OF OCCUPATIONAL AND ORGANIZATIONAL PSYCHOLOGY,"4,316",2.323,0.003320,1.499
249,European Accounting Review,"2,061",2.322,0.001160,0.637
250,International Journal of Retail & Distribution Management,"2,619",2.321,0.000980,Not Available
251,International Environmental Agreements-Politics Law and Economics,757,2.312,0.001300,0.614
252,Accounting Forum,"1,112",2.304,0.000530,Not Available
253,Journal of Financial Stability,"1,656",2.301,0.004010,0.847
254,Service Business,633,2.293,0.000580,0.248
255,ANNALS OF OPERATIONS RESEARCH,"7,608",2.284,0.010110,0.611
256,GENDER WORK AND ORGANIZATION,"1,881",2.273,0.001900,0.733
257,Annual Review of Financial Economics,599,2.269,0.003460,3.284
257,Information and Organization,674,2.269,0.000810,0.907
257,JOURNAL OF ACCOUNTING AND PUBLIC POLICY,"2,445",2.269,0.001390,0.744
260,JOURNAL OF FINANCIAL AND QUANTITATIVE ANALYSIS,"6,054",2.266,0.010750,2.506
261,CONTEMPORARY ACCOUNTING RESEARCH,"4,570",2.261,0.005670,1.441
262,ACCOUNTING AND BUSINESS RESEARCH,928,2.250,0.000950,0.504
263,International Journal of Advertising,"1,653",2.234,0.001410,0.559
264,International Journal of Logistics Management,"2,066",2.226,0.000780,0.323
265,JOURNAL OF INTERNATIONAL ECONOMICS,"7,586",2.216,0.015770,2.596
266,FUTURES,"3,672",2.214,0.002620,0.476
267,MIS Quarterly Executive,559,2.206,0.000590,0.574
268,JOURNAL OF BANKING & FINANCE,"15,821",2.205,0.019110,1.100
269,Abacus-A Journal of Accounting Finance and Business Studies,904,2.200,0.000570,0.372
269,POST-SOVIET AFFAIRS,622,2.200,0.001770,1.190
271,ILR Review,"2,916",2.198,0.004300,1.524
272,International Journal of Bank Marketing,"1,945",2.196,0.000540,Not Available
272,MIT SLOAN MANAGEMENT REVIEW,"3,072",2.196,0.002690,1.042
272,SOCIO-ECONOMIC PLANNING SCIENCES,"1,267",2.196,0.000730,0.455
272,SOCIO-ECONOMIC PLANNING SCIENCES,"1,267",2.196,0.000730,0.455
276,Economics & Human Biology,"1,555",2.183,0.003000,0.763
277,TOTAL QUALITY MANAGEMENT & BUSINESS EXCELLENCE,"3,257",2.181,0.001100,0.186
278,PRODUCTION AND OPERATIONS MANAGEMENT,"5,552",2.171,0.011070,1.344
279,European Journal of Health Economics,"2,028",2.169,0.005330,0.923
280,JOURNAL OF SPORT MANAGEMENT,"1,809",2.167,0.001210,0.444
281,Theoretical Economics,620,2.160,0.007640,3.620
282,JOURNAL OF ENGINEERING AND TECHNOLOGY MANAGEMENT,"1,278",2.159,0.000800,0.482
283,Journal of Research in Interactive Marketing,429,2.156,0.000330,Not Available
284,ENVIRONMENTAL & RESOURCE ECONOMICS,"4,728",2.154,0.005020,0.795
285,Eurasian Business Review,214,2.143,0.000570,Not Available
286,Sport Management Review,"1,390",2.138,0.001540,0.539
287,Journal of Enterprise Information Management,"1,101",2.126,0.000730,Not Available
288,JOURNAL OF RISK AND UNCERTAINTY,"2,707",2.122,0.002910,1.972
289,Journal of Agrarian Change,"1,289",2.115,0.002630,1.238
290,Emerging Markets Review,"1,327",2.108,0.001490,0.528
290,REVIEW OF ACCOUNTING STUDIES,"2,327",2.108,0.004770,1.746
292,CHINA ECONOMIC REVIEW,"2,884",2.106,0.004230,0.745
293,JOURNAL OF ADVERTISING RESEARCH,"2,741",2.100,0.001130,0.552
294,REGIONAL SCIENCE AND URBAN ECONOMICS,"3,180",2.092,0.005190,1.114
295,INTERNATIONAL JOURNAL OF COMPUTER INTEGRATED MANUFACTURING,"1,831",2.090,0.002050,0.358
296,NETWORKS & SPATIAL ECONOMICS,"1,167",2.084,0.001890,0.761
297,International Journal of Emerging Markets,589,2.067,0.000300,Not Available
298,Research in Transportation Business and Management,676,2.065,0.001300,Not Available
299,4OR-A Quarterly Journal of Operations Research,580,2.056,0.001160,1.010
299,ECONOMIC MODELLING,"6,322",2.056,0.010730,0.441
301,JOURNAL OF APPLIED ECONOMETRICS,"5,397",2.053,0.010180,2.367
302,Journal of Economic Policy Reform,326,2.051,0.000670,0.509
303,Project Management Journal,"1,779",2.043,0.001670,0.587
304,ECONOMIC DEVELOPMENT AND CULTURAL CHANGE,"2,537",2.042,0.002600,1.603
305,JOURNAL OF CONSUMER AFFAIRS,"1,514",2.038,0.000760,0.465
306,Economics of Energy & Environmental Policy,227,2.034,0.000930,0.896
307,HEALTH ECONOMICS,"6,127",2.027,0.010350,1.265
308,PAPERS IN REGIONAL SCIENCE,"1,990",2.020,0.001970,0.600
309,Journal of Product and Brand Management,"2,278",2.018,0.000970,Not Available
310,Creativity and Innovation Management,"1,396",2.015,0.001170,0.518
311,EXPERIMENTAL ECONOMICS,"2,218",2.012,0.005210,2.145
312,GROUP DECISION AND NEGOTIATION,"1,245",2.010,0.001460,0.420
313,JOURNAL OF MANAGEMENT INQUIRY,"1,496",1.986,0.001780,0.709
314,BRITISH JOURNAL OF INDUSTRIAL RELATIONS,"1,555",1.984,0.002020,0.979
315,MANAGEMENT DECISION,"4,550",1.963,0.002410,0.322
316,JOURNAL OF BUSINESS & INDUSTRIAL MARKETING,"2,335",1.961,0.001320,0.274
317,DECISION SCIENCES,"4,038",1.960,0.001840,0.721
318,Consumption Markets & Culture,870,1.951,0.001010,0.587
319,JOURNAL OF ECONOMETRICS,"17,509",1.949,0.023670,2.546
320,JOURNAL OF REGIONAL SCIENCE,"2,420",1.944,0.002180,0.917
321,Review of Finance,"1,925",1.942,0.009990,2.442
322,Electronic Commerce Research,586,1.940,0.000580,0.357
323,Applied Economic Perspectives and Policy,672,1.938,0.001700,0.815
324,MANAGEMENT LEARNING,"1,642",1.935,0.000930,0.476
324,TRANSPORTATION JOURNAL,602,1.935,0.000310,0.261
326,FINANCE AND STOCHASTICS,"1,288",1.921,0.003420,1.708
327,IMF Economic Review,626,1.917,0.003300,2.086
327,Nonprofit Management & Leadership,"1,179",1.917,0.000700,0.383
329,COMPUTATIONAL OPTIMIZATION AND APPLICATIONS,"2,485",1.906,0.006260,1.078
330,Journal of Choice Modelling,448,1.905,0.000960,0.763
331,Journal of Financial Econometrics,"1,012",1.902,0.002300,1.561
331,Spatial Economic Analysis,567,1.902,0.000880,0.646
333,Service Science,387,1.885,0.000590,0.411
334,PSYCHOLOGY & MARKETING,"5,367",1.882,0.003550,0.639
335,Business Process Management Journal,"1,825",1.880,0.000730,Not Available
336,OR SPECTRUM,"1,679",1.872,0.001700,0.660
337,IEEE TRANSACTIONS ON ENGINEERING MANAGEMENT,"2,850",1.867,0.001640,0.491
338,Journal of Vacation Marketing,"1,425",1.865,0.000570,Not Available
339,Journal of Business Economics and Management,892,1.855,0.000830,0.183
340,INFORMS JOURNAL ON COMPUTING,"1,895",1.850,0.004080,1.155
341,Journal of International Financial Markets Institutions & Money,"1,921",1.836,0.002950,0.530
342,WORLD BANK RESEARCH OBSERVER,"1,360",1.833,0.001860,2.882
343,Journal of Brand Management,"2,200",1.829,0.000890,Not Available
344,Journal of Cultural Economics,802,1.825,0.000500,0.405
345,INDUSTRIAL AND CORPORATE CHANGE,"3,912",1.824,0.002900,0.857
345,OPTIMIZATION AND ENGINEERING,839,1.824,0.001410,0.608
347,FINANCIAL ANALYSTS JOURNAL,"2,585",1.816,0.001510,0.946
348,ENGINEERING OPTIMIZATION,"2,511",1.809,0.003000,0.455
349,Water Resources and Economics,191,1.806,0.000590,Not Available
350,Research in Transportation Economics,"1,325",1.798,0.002040,0.451
351,WORLD BANK ECONOMIC REVIEW,"2,586",1.797,0.002970,1.400
352,JOURNAL OF RISK AND INSURANCE,"1,751",1.795,0.002420,1.008
353,European Journal of Innovation Management,"1,313",1.793,0.000510,Not Available
354,Journal of Electronic Commerce Research,831,1.786,0.000610,0.431
355,European Journal of Political Economy,"1,702",1.782,0.003650,0.845
355,JOURNAL OF MONEY CREDIT AND BANKING,"4,989",1.782,0.009430,1.915
357,JOURNAL OF INTERNATIONAL MONEY AND FINANCE,"4,327",1.780,0.007900,0.968
358,JOURNAL OF PUBLIC ECONOMICS,"11,146",1.773,0.020100,2.719
359,REAL ESTATE ECONOMICS,"1,380",1.764,0.002350,1.211
360,Review of International Organizations,545,1.763,0.002250,1.859
361,Journal of Forest Economics,783,1.761,0.001040,0.560
362,JOURNAL OF QUALITY TECHNOLOGY,"2,510",1.755,0.001650,1.052
363,JOURNAL OF THE OPERATIONAL RESEARCH SOCIETY,"7,621",1.754,0.004520,0.475
363,JOURNAL OF THE OPERATIONAL RESEARCH SOCIETY,"7,621",1.754,0.004520,0.475
365,Economics of Transportation,207,1.750,0.000920,Not Available
365,Journal of the Economics of Ageing,176,1.750,0.001060,Not Available
367,Sustainability Accounting Management and Policy Journal,367,1.745,0.000350,Not Available
368,TECHNOLOGY ANALYSIS & STRATEGIC MANAGEMENT,"2,327",1.739,0.001510,0.308
369,FEMINIST ECONOMICS,"1,332",1.719,0.001350,0.645
370,EUROPEAN JOURNAL OF MARKETING,"7,137",1.716,0.002800,0.435
371,Journal of Industrial Relations,701,1.714,0.000980,0.400
372,EUROPEAN ECONOMIC REVIEW,"6,848",1.711,0.013090,1.590
373,Finance Research Letters,"1,081",1.709,0.002000,0.307
374,JOURNAL OF COMPARATIVE ECONOMICS,"2,713",1.708,0.003790,0.914
375,International Review of Financial Analysis,"2,029",1.693,0.003330,0.427
376,JOURNAL OF ECONOMIC HISTORY,"2,436",1.683,0.003410,1.587
377,JOURNAL OF APPLIED BEHAVIORAL SCIENCE,"1,742",1.676,0.000830,0.675
378,KYKLOS,"1,419",1.674,0.001070,0.642
379,JOURNAL OF FINANCIAL SERVICES RESEARCH,"1,079",1.667,0.001160,0.671
380,Journal of Fashion Marketing and Management,"1,127",1.645,0.000380,Not Available
381,JOURNAL OF HOUSING ECONOMICS,"1,007",1.640,0.001140,0.645
381,LAND ECONOMICS,"3,409",1.640,0.002360,0.942
383,Agribusiness,981,1.635,0.000740,0.330
384,RAND JOURNAL OF ECONOMICS,"5,695",1.634,0.007670,3.141
385,JOURNAL OF GLOBAL OPTIMIZATION,"5,994",1.631,0.007040,0.763
386,Entrepreneurship Research Journal,201,1.625,0.000280,0.314
387,MARKETING LETTERS,"2,245",1.624,0.001980,0.657
388,Information Systems and E-Business Management,477,1.621,0.000440,0.243
389,PUBLIC RELATIONS REVIEW,"3,512",1.616,0.002290,0.322
390,JOURNAL OF PRODUCTIVITY ANALYSIS,"2,400",1.603,0.002080,0.671
391,European Management Review,709,1.600,0.000660,0.588
391,International Journal of Managing Projects in Business,610,1.600,0.000640,Not Available
391,JOURNAL OF OPTIMIZATION THEORY AND APPLICATIONS,"6,985",1.600,0.012060,0.879
394,JOURNAL OF SCHEDULING,"1,233",1.598,0.001590,0.528
395,International Journal of Strategic Property Management,435,1.597,0.000370,0.186
395,Journal of Leadership & Organizational Studies,"1,408",1.597,0.001320,0.614
397,MATHEMATICS OF OPERATIONS RESEARCH,"3,878",1.593,0.006620,1.743
398,Marketing Intelligence & Planning,"1,772",1.585,0.000630,Not Available
399,Journal of Consumer Behaviour,"1,979",1.580,0.001510,0.476
399,REVIEW OF ECONOMIC DYNAMICS,"1,741",1.580,0.008980,2.882
401,Science and Public Policy,"2,048",1.575,0.002130,0.516
402,ECONOMY AND SOCIETY,"2,500",1.563,0.001880,1.112
403,Journal of Business Finance & Accounting,"2,425",1.562,0.001530,0.523
404,Career Development International,"1,777",1.561,0.001410,0.545
404,Engineering Construction and Architectural Management,"1,415",1.561,0.000490,Not Available
404,JOURNAL OF ECONOMIC PSYCHOLOGY,"4,371",1.561,0.004690,0.910
404,Quantitative Economics,419,1.561,0.005660,3.664
408,ECONOMIC AND INDUSTRIAL DEMOCRACY,714,1.557,0.001000,0.478
408,Structural Change and Economic Dynamics,"1,041",1.557,0.000860,0.418
410,International Journal of Accounting Information Systems,619,1.548,0.000310,0.277
410,Journal of Social Marketing,250,1.548,0.000200,Not Available
412,FINANCIAL MANAGEMENT,"2,654",1.545,0.001430,0.689
413,Journal of Simulation,503,1.533,0.000660,0.352
414,JOURNAL OF DEVELOPMENT STUDIES,"4,009",1.531,0.005640,0.774
415,Economics of Innovation and New Technology,896,1.529,0.001190,Not Available
416,Journal of Wine Economics,306,1.522,0.000400,Not Available
417,ECONOMICS OF EDUCATION REVIEW,"3,701",1.519,0.006640,1.262
418,BULLETIN OF INDONESIAN ECONOMIC STUDIES,394,1.517,0.000370,0.347
418,Journal of Macromarketing,"1,133",1.517,0.000790,0.386
420,CAMBRIDGE JOURNAL OF ECONOMICS,"3,017",1.516,0.002940,0.612
421,International Journal of Consumer Studies,"2,555",1.506,0.002040,0.389
422,JOURNAL OF ECONOMIC DYNAMICS & CONTROL,"5,080",1.502,0.011110,1.147
423,ECONOMICA,"2,522",1.500,0.003450,1.436
423,Journal of Human Capital,304,1.500,0.001210,1.213
425,EMPLOYEE RELATIONS,"1,125",1.496,0.000850,0.273
426,Journal of Economic Interaction and Coordination,236,1.487,0.000420,0.394
427,Knowledge Management Research & Practice,653,1.485,0.000420,0.154
427,Operational Research,286,1.485,0.000450,0.253
429,Accounting and Finance,"1,433",1.481,0.000880,0.271
430,Journal of International Financial Management & Accounting,509,1.478,0.000150,0.243
431,Baltic Journal of Management,357,1.469,0.000190,0.124
432,Research in International Business and Finance,"1,350",1.467,0.001460,Not Available
433,LEADERSHIP & ORGANIZATION DEVELOPMENT JOURNAL,"1,843",1.462,0.001030,0.301
434,Mathematics and Financial Economics,268,1.455,0.001330,0.970
435,American Economic Journal-Microeconomics,938,1.453,0.009240,3.303
436,OPTIMAL CONTROL APPLICATIONS & METHODS,"1,232",1.452,0.001770,0.448
437,INTERNATIONAL ECONOMIC REVIEW,"4,924",1.451,0.009810,2.985
438,JOURNAL OF FUTURES MARKETS,"1,641",1.449,0.001450,0.403
439,SYSTEM DYNAMICS REVIEW,"1,369",1.448,0.000260,0.272
440,Australian Accounting Review,819,1.443,0.000280,0.143
441,Pacific-Basin Finance Journal,"1,754",1.442,0.001900,0.397
442,Multinational Business Review,364,1.436,0.000430,Not Available
443,JOURNAL OF EVOLUTIONARY ECONOMICS,"1,467",1.435,0.001130,0.376
444,International Review of Economics & Finance,"2,056",1.432,0.003260,0.340
445,Innovation-Organization & Management,538,1.429,0.000490,0.233
446,Journal of Cultural Economy,508,1.418,0.001440,Not Available
447,IISE Transactions,146,1.417,0.000650,0.589
448,Journal of Managerial Psychology,"3,120",1.415,0.002100,0.551
448,Scandinavian Journal of Management,"1,527",1.415,0.001170,0.598
450,Journal of Institutional Economics,650,1.411,0.001080,0.503
451,QUALITY AND RELIABILITY ENGINEERING INTERNATIONAL,"2,463",1.409,0.004190,0.416
452,JOURNAL OF FINANCIAL MARKETS,"1,491",1.407,0.003120,1.549
452,RESEARCH-TECHNOLOGY MANAGEMENT,"1,191",1.407,0.000850,0.482
454,JOURNAL OF ECONOMIC BEHAVIOR & ORGANIZATION,"8,514",1.404,0.019770,1.341
455,Optimization Letters,"1,404",1.399,0.005500,0.619
456,ORGANIZATIONAL DYNAMICS,"2,476",1.397,0.000810,0.376
457,Economic Research-Ekonomska Istrazivanja,704,1.381,0.000620,0.122
458,Accounting Horizons,"2,317",1.377,0.001490,0.594
459,Health Economics Review,450,1.374,0.001540,Not Available
460,AUSTRALIAN JOURNAL OF AGRICULTURAL AND RESOURCE ECONOMICS,"1,036",1.370,0.001050,0.462
461,Journal of Contingencies and Crisis Management,988,1.365,0.000660,0.380
462,PERSONNEL REVIEW,"2,024",1.362,0.001420,0.353
463,QUANTITATIVE FINANCE,"2,478",1.357,0.004690,0.562
464,EUROPE-ASIA STUDIES,"1,421",1.350,0.001910,0.413
465,American Journal of Health Economics,129,1.349,0.001350,1.625
465,European Journal of International Management,386,1.349,0.000420,0.188
467,EUROPEAN JOURNAL OF INDUSTRIAL RELATIONS,630,1.347,0.000770,0.507
467,Studies in Informatics and Control,352,1.347,0.000310,0.105
469,OPTIMIZATION METHODS & SOFTWARE,"2,012",1.336,0.003680,0.862
470,Journal of Economic Inequality,846,1.333,0.001610,1.025
471,SIAM Journal on Financial Mathematics,494,1.328,0.002640,1.200
472,LABOUR ECONOMICS,"2,675",1.327,0.006690,1.338
473,Economic Systems,796,1.326,0.000840,0.305
474,INSURANCE MATHEMATICS & ECONOMICS,"3,518",1.315,0.005070,0.595
475,Proceedings of the Institution of Mechanical Engineers Part O-Journal of Risk and Reliability,606,1.313,0.001230,0.342
476,JOURNAL OF LAW ECONOMICS & ORGANIZATION,"2,412",1.304,0.003020,1.461
477,International Journal of Business Communication,100,1.293,0.000260,Not Available
478,European Financial Management,"1,431",1.292,0.001280,0.549
479,Journal of Multinational Financial Management,609,1.283,0.000400,Not Available
480,International Journal of Shipping and Transport Logistics,331,1.277,0.000490,0.220
481,Asia Pacific Journal of Marketing and Logistics,944,1.276,0.000440,Not Available
482,BUSINESS HISTORY REVIEW,685,1.270,0.000880,0.688
483,ECONOMIC INQUIRY,"3,270",1.265,0.007300,1.005
483,Information Technology & Management,500,1.265,0.000350,0.233
485,Central European Journal of Operations Research,679,1.260,0.000840,0.266
485,INTERNATIONAL LABOUR REVIEW,907,1.260,0.000740,0.402
487,JOURNAL OF POPULATION ECONOMICS,"2,055",1.259,0.003960,1.352
488,Economic and Labour Relations Review,285,1.254,0.000690,0.331
488,JOURNAL OF POLICY MODELING,"1,767",1.254,0.001320,0.284
490,Journal of Real Estate Research,912,1.250,0.000560,0.428
490,Revista de Contabilidad-Spanish Accounting Review,209,1.250,0.000150,Not Available
492,Disaster Prevention and Management,"1,105",1.247,0.000720,0.269
493,Leadership,739,1.246,0.000860,0.495
494,INFORMATION ECONOMICS AND POLICY,708,1.245,0.001040,0.644
495,Journal of Empirical Finance,"2,473",1.244,0.003430,0.704
496,Amfiteatru Economic,452,1.238,0.000270,0.060
496,ECONOMETRIC THEORY,"2,585",1.238,0.005850,2.080
498,Asian Business & Management,282,1.231,0.000190,0.181
499,NETWORKS,"2,342",1.227,0.001820,0.540
500,SMALL GROUP RESEARCH,"1,776",1.222,0.001130,0.612
501,NEW TECHNOLOGY WORK AND EMPLOYMENT,495,1.219,0.000630,0.598
502,ENVIRONMENT AND DEVELOPMENT ECONOMICS,"1,543",1.217,0.001440,0.609
502,European Journal of Industrial Engineering,378,1.217,0.000440,0.193
504,E & M Ekonomie a Management,391,1.211,0.000240,0.070
505,Gender in Management,591,1.206,0.000440,Not Available
505,OPTIMIZATION,"1,787",1.206,0.005250,0.658
505,REVIEW OF INCOME AND WEALTH,"1,566",1.206,0.002950,0.891
508,North American Journal of Economics and Finance,751,1.199,0.001340,0.265
509,Management Communication Quarterly,"1,311",1.193,0.000980,0.505
510,JOURNAL OF AGRICULTURAL AND RESOURCE ECONOMICS,"1,030",1.192,0.000820,0.522
511,Negotiation and Conflict Management Research,237,1.189,0.000440,0.383
512,REVIEW OF WORLD ECONOMICS,825,1.186,0.001140,0.576
513,Computational Economics,816,1.185,0.001150,0.305
513,FISCAL STUDIES,589,1.185,0.001030,0.650
513,JOURNAL OF LAW & ECONOMICS,"4,755",1.185,0.003740,1.774
513,JOURNAL OF ORGANIZATIONAL CHANGE MANAGEMENT,"1,768",1.185,0.000800,0.204
517,Review of Economics of the Household,664,1.184,0.001910,0.712
518,AUSTRALIAN JOURNAL OF MANAGEMENT,697,1.183,0.000540,0.287
519,JOURNAL OF ECONOMIC THEORY,"7,747",1.181,0.015330,1.879
520,JOURNAL OF REAL ESTATE FINANCE AND ECONOMICS,"1,930",1.174,0.001680,0.520
521,INTERNATIONAL JOURNAL OF TECHNOLOGY MANAGEMENT,"1,631",1.160,0.000830,0.317
521,INTERNATIONAL JOURNAL OF TECHNOLOGY MANAGEMENT,"1,631",1.160,0.000830,0.317
523,BUSINESS HISTORY,935,1.152,0.001490,0.409
523,HISTORY OF POLITICAL ECONOMY,787,1.152,0.001200,0.527
523,Metroeconomica,503,1.152,0.000590,0.288
526,OPEN ECONOMIES REVIEW,535,1.151,0.000910,0.333
527,SERVICE INDUSTRIES JOURNAL,"2,447",1.149,0.001050,0.250
528,EXPLORATIONS IN ECONOMIC HISTORY,909,1.148,0.002010,1.122
529,Econometrics Journal,936,1.147,0.002460,1.966
530,Sport Marketing Quarterly,635,1.143,0.000210,Not Available
531,Journal of Economics,"1,099",1.141,0.000790,0.313
532,Journal of Behavioral and Experimental Economics,355,1.140,0.002090,0.585
533,Investment Analysts Journal,140,1.132,0.000090,0.096
533,SCANDINAVIAN JOURNAL OF ECONOMICS,"1,818",1.132,0.004060,1.524
535,DISCRETE EVENT DYNAMIC SYSTEMS-THEORY AND APPLICATIONS,592,1.128,0.000890,0.614
536,CONCURRENT ENGINEERING-RESEARCH AND APPLICATIONS,461,1.127,0.000260,0.150
537,IMA Journal of Management Mathematics,390,1.125,0.000520,0.320
537,IMA Journal of Management Mathematics,390,1.125,0.000520,0.320
537,SORT-Statistics and Operations Research Transactions,181,1.125,0.000490,0.483
540,APPLIED STOCHASTIC MODELS IN BUSINESS AND INDUSTRY,819,1.124,0.002030,0.556
540,European Journal of Finance,907,1.124,0.001460,0.387
542,ENGINEERING ECONOMIST,557,1.114,0.000290,0.285
542,ENGINEERING ECONOMIST,557,1.114,0.000290,0.285
544,OXFORD ECONOMIC PAPERS-NEW SERIES,"2,707",1.113,0.002770,0.827
545,Journal of Asian Economics,973,1.111,0.000770,Not Available
546,Journal of Sports Economics,955,1.107,0.001410,0.568
547,INDUSTRIAL RELATIONS,"1,485",1.104,0.001470,0.833
548,Tourism Economics,"1,697",1.098,0.001070,0.180
549,Journal of Organizational and End User Computing,200,1.093,0.000160,0.140
550,JOURNAL OF ORGANIZATIONAL BEHAVIOR MANAGEMENT,424,1.091,0.000190,0.169
551,WORLD ECONOMY,"2,500",1.088,0.002580,0.412
551,World Trade Review,369,1.088,0.000560,0.315
553,JOURNAL OF FINANCIAL RESEARCH,"1,055",1.086,0.000590,Not Available
554,EASTERN EUROPEAN ECONOMICS,268,1.080,0.000260,0.161
555,Journal of Contemporary Accounting & Economics,305,1.079,0.000360,Not Available
555,Journal of Systems Science and Systems Engineering,524,1.079,0.000370,0.208
557,ANNALS OF REGIONAL SCIENCE,"1,814",1.075,0.001570,0.368
558,Journal of Pension Economics & Finance,437,1.073,0.000860,0.678
559,Econometric Reviews,"1,411",1.070,0.004010,1.340
560,ECONOMIC HISTORY REVIEW,"1,840",1.067,0.002880,1.002
561,China & World Economy,486,1.066,0.000630,0.260
562,Managerial Auditing Journal,"1,460",1.064,0.000210,Not Available
563,DEFENCE AND PEACE ECONOMICS,673,1.062,0.000720,0.294
564,Transformations in Business & Economics,410,1.058,0.000300,0.056
565,SYSTEMS RESEARCH AND BEHAVIORAL SCIENCE,"1,032",1.052,0.001030,0.297
566,China Agricultural Economic Review,362,1.050,0.000550,0.224
567,Journal of Public Economic Theory,592,1.037,0.001290,0.414
568,Economics & Politics,805,1.036,0.001060,0.856
569,Cliometrica,151,1.034,0.000420,0.464
570,Empirical Economics,"2,233",1.029,0.004270,0.483
571,JOURNAL OF TRANSPORT ECONOMICS AND POLICY,"1,218",1.027,0.000920,0.549
572,European Review of Economic History,451,1.026,0.001020,0.759
573,JOURNAL OF ECONOMICS & MANAGEMENT STRATEGY,"1,899",1.025,0.002770,1.056
573,Journal of Industrial and Management Optimization,735,1.025,0.001780,0.327
575,MATHEMATICAL METHODS OF OPERATIONS RESEARCH,971,1.023,0.001760,0.687
576,Journal of Management & Organization,728,1.021,0.000470,0.160
577,Astin Bulletin,868,1.017,0.001200,0.733
578,GAMES AND ECONOMIC BEHAVIOR,"4,714",1.004,0.009410,1.148
579,Agricultural Economics-Zemedelska Ekonomika,455,1.000,0.000340,0.095
579,Decision Analysis,415,1.000,0.000760,0.677
579,ECONOMICS AND PHILOSOPHY,508,1.000,0.000840,0.753
582,OXFORD BULLETIN OF ECONOMICS AND STATISTICS,"3,098",0.989,0.002940,1.001
583,POST-COMMUNIST ECONOMIES,432,0.984,0.000470,0.233
584,JOURNAL OF INDUSTRIAL ECONOMICS,"2,395",0.983,0.002190,1.170
585,Asia-Pacific Journal of Accounting & Economics,201,0.980,0.000180,0.116
586,Economic Computation and Economic Cybernetics Studies and Research,320,0.973,0.000470,0.100
587,PUBLIC CHOICE,"4,409",0.970,0.004440,0.781
588,JOURNAL OF AFRICAN ECONOMIES,"1,004",0.969,0.001110,0.514
589,APPLIED ECONOMICS,"7,135",0.968,0.008390,0.314
590,Top,508,0.965,0.001250,0.555
591,ECONOMIC THEORY,"2,233",0.961,0.004950,1.053
592,INTERNATIONAL JOURNAL OF INDUSTRIAL ORGANIZATION,"2,964",0.960,0.004800,1.173
593,Journal of International Trade & Economic Development,437,0.958,0.000490,0.154
594,CANADIAN JOURNAL OF AGRICULTURAL ECONOMICS-REVUE CANADIENNE D AGROECONOMIE,685,0.950,0.000630,0.333
595,Quality Technology and Quantitative Management,291,0.946,0.000680,0.320
596,Journal of Business-to-Business Marketing,328,0.941,0.000200,0.201
597,Chinese Management Studies,347,0.936,0.000180,0.079
598,EMERGING MARKETS FINANCE AND TRADE,"1,014",0.934,0.001570,0.160
599,Journal of Family and Economic Issues,800,0.921,0.000780,Not Available
600,JOURNAL OF REGULATORY ECONOMICS,910,0.911,0.001080,0.581
601,JOURNAL OF MACROECONOMICS,"1,462",0.910,0.002870,0.518
602,CONTEMPORARY ECONOMIC POLICY,955,0.905,0.001440,0.433
603,JOURNAL OF BUSINESS AND TECHNICAL COMMUNICATION,369,0.900,0.000400,0.385
604,Asia Pacific Business Review,643,0.897,0.000320,0.143
604,Clothing and Textiles Research Journal,644,0.897,0.000150,0.121
606,Asia Pacific Journal of Human Resources,543,0.891,0.000510,0.315
607,INTERNATIONAL JOURNAL OF MANPOWER,"1,485",0.882,0.001220,0.310
608,NAVAL RESEARCH LOGISTICS,"3,160",0.881,0.001560,0.528
609,ECONOMICS LETTERS,"9,301",0.876,0.015460,0.537
610,SOUTH AFRICAN JOURNAL OF ECONOMICS,491,0.869,0.000470,0.217
611,PROBABILITY IN THE ENGINEERING AND INFORMATIONAL SCIENCES,583,0.864,0.001020,0.483
611,QME-Quantitative Marketing and Economics,499,0.864,0.001540,1.945
611,Zeitschrift fur Wirtschaftsgeographie,140,0.864,0.000250,0.287
614,International Journal of Transport Economics,256,0.857,0.000130,0.094
615,TIJDSCHRIFT VOOR ECONOMISCHE EN SOCIALE GEOGRAFIE,"1,373",0.856,0.001220,0.394
616,CANADIAN JOURNAL OF ADMINISTRATIVE SCIENCES-REVUE CANADIENNE DES SCIENCES DE L ADMINISTRATION,722,0.849,0.000290,0.192
617,Systems Engineering,692,0.848,0.000450,0.196
618,EKONOMICKY CASOPIS,277,0.843,0.000150,0.045
619,Global Economic Review,186,0.841,0.000180,0.128
620,ACTA OECONOMICA,216,0.840,0.000160,0.057
621,Empirica,432,0.836,0.000430,0.202
622,JOURNAL OF WORLD TRADE,537,0.835,0.000620,0.221
623,Journal of Theoretical and Applied Electronic Commerce Research,304,0.833,0.000250,Not Available
623,Series-Journal of the Spanish Economic Association,133,0.833,0.000650,0.602
625,American Law and Economics Review,376,0.828,0.000810,0.798
625,SOUTHERN ECONOMIC JOURNAL,"2,125",0.828,0.002300,0.624
627,INTERNATIONAL JOURNAL OF SELECTION AND ASSESSMENT,"1,279",0.826,0.000890,0.378
628,Action Research,441,0.824,0.000260,0.162
628,INTERNATIONAL TAX AND PUBLIC FINANCE,"1,011",0.824,0.001560,0.542
628,Latin American Economic Review,36,0.824,0.000130,0.248
631,CESifo Economic Studies,433,0.821,0.001250,0.682
632,Review of Keynesian Economics,147,0.817,0.000500,0.267
633,JOURNAL OF FORECASTING,"1,465",0.816,0.001450,0.430
634,Discrete Optimization,595,0.815,0.001670,0.724
635,MACROECONOMIC DYNAMICS,"1,028",0.814,0.002720,0.532
635,QUEUEING SYSTEMS,"1,229",0.814,0.001780,0.635
637,International Review of Finance,433,0.807,0.000420,0.266
638,NATIONAL TAX JOURNAL,"1,489",0.806,0.002080,1.080
639,International Journal of Central Banking,842,0.793,0.002950,1.051
640,PUBLIC PERSONNEL MANAGEMENT,656,0.789,0.000540,0.347
641,AMERICAN BUSINESS LAW JOURNAL,263,0.786,0.000130,0.140
641,Review of International Economics,"1,228",0.786,0.002410,0.672
643,ECONOMIC DEVELOPMENT QUARTERLY,905,0.776,0.000810,0.492
644,AUSTRALIAN ECONOMIC PAPERS,320,0.773,0.000140,0.119
645,Journal of Behavioral Finance,611,0.770,0.000560,0.301
646,JOURNAL OF ECONOMIC ISSUES,"1,560",0.763,0.000600,0.139
647,OPERATIONS RESEARCH LETTERS,"3,123",0.761,0.005260,0.606
648,German Journal of Human Resource Management-Zeitschrift fur Personalforschung,26,0.759,0.000050,0.151
649,SYSTEMIC PRACTICE AND ACTION RESEARCH,514,0.754,0.000360,0.175
650,ECONOMIC RECORD,"1,076",0.750,0.000850,0.350
650,International Journal of Islamic and Middle Eastern Finance and Management,434,0.750,0.000160,Not Available
652,Advances in Strategic Management-A Research Annual,505,0.745,0.001220,0.918
653,JOURNAL OF THE JAPANESE AND INTERNATIONAL ECONOMIES,647,0.741,0.000700,0.350
654,ECONOMICS OF TRANSITION,695,0.735,0.000540,0.331
654,Economics-The Open Access Open-Assessment E-Journal,316,0.735,0.000700,0.269
656,Inzinerine Ekonomika-Engineering Economics,476,0.730,0.000310,0.086
657,INTERFACES,"1,782",0.729,0.001000,0.395
657,INTERFACES,"1,782",0.729,0.001000,0.395
659,Journal of Operational Risk,169,0.727,0.000090,0.092
660,INTERNATIONAL JOURNAL OF MARKET RESEARCH,912,0.726,0.000470,0.189
660,REVIEW OF INDUSTRIAL ORGANIZATION,"1,098",0.726,0.001370,0.492
662,Romanian Journal of Economic Forecasting,217,0.725,0.000140,0.051
663,JOURNAL OF PORTFOLIO MANAGEMENT,"1,805",0.721,0.000950,0.245
663,Journal of Systems Engineering and Electronics,"1,070",0.721,0.001230,0.142
665,Journal of Economic Methodology,383,0.718,0.000730,Not Available
666,Independent Review,245,0.716,0.000260,0.135
666,Review of Development Economics,995,0.716,0.001000,0.247
668,Baltic Journal of Economics,82,0.714,0.000090,0.150
668,Economia Politica,103,0.714,0.000160,0.129
670,Revista de Historia Economica,323,0.710,0.000340,0.349
671,Asian Journal of Technology Innovation,192,0.706,0.000210,0.113
672,CANADIAN JOURNAL OF ECONOMICS-REVUE CANADIENNE D ECONOMIQUE,"1,977",0.703,0.003000,0.760
673,MANAGERIAL AND DECISION ECONOMICS,"1,346",0.701,0.000890,Not Available
673,RAE-Revista de Administracao de Empresas,537,0.701,0.000160,0.055
675,THEORY AND DECISION,"1,103",0.680,0.003150,0.777
676,B E Journal of Macroeconomics,277,0.674,0.000540,0.328
677,European Business Organization Law Review,202,0.673,0.000320,0.221
678,INTERNATIONAL REVIEW OF LAW AND ECONOMICS,857,0.667,0.001270,0.497
678,Journal of the Asia Pacific Economy,327,0.667,0.000320,0.142
680,JOURNAL OF POST KEYNESIAN ECONOMICS,741,0.656,0.000450,0.210
681,JOURNAL OF ECONOMIC EDUCATION,797,0.653,0.000330,0.143
682,JAPAN AND THE WORLD ECONOMY,470,0.651,0.000410,0.261
683,JOURNAL OF LABOR RESEARCH,538,0.650,0.000670,0.481
684,Journal of Demographic Economics,63,0.647,0.000820,1.138
684,Science Technology and Society,271,0.647,0.000280,0.199
686,European Journal of Law and Economics,479,0.645,0.000760,0.239
687,Climate Change Economics,366,0.641,0.000980,Not Available
688,RAIRO-OPERATIONS RESEARCH,393,0.639,0.000550,0.174
689,German Economic Review,441,0.638,0.000790,0.510
690,INTERNATIONAL JOURNAL OF FINANCE & ECONOMICS,522,0.636,0.000370,0.231
691,JOURNAL OF MATHEMATICAL ECONOMICS,"1,401",0.634,0.003840,0.667
692,Prague Economic Papers,259,0.629,0.000210,0.088
693,Journal of Competition Law & Economics,352,0.627,0.000800,0.342
694,Geneva Risk and Insurance Review,95,0.625,0.000240,0.435
695,Revista de Historia Industrial,206,0.617,0.000280,0.171
696,INTERNATIONAL JOURNAL OF GAME THEORY,"1,422",0.615,0.002100,0.641
697,Asian Economic Papers,222,0.611,0.000260,0.179
698,FINANCE A UVER-CZECH JOURNAL OF ECONOMICS AND FINANCE,201,0.604,0.000130,0.084
699,Econ Journal Watch,177,0.600,0.000160,0.098
699,INFOR,450,0.600,0.000150,0.123
701,GENEVA PAPERS ON RISK AND INSURANCE-ISSUES AND PRACTICE,504,0.597,0.000540,0.254
702,Panoeconomicus,220,0.594,0.000290,0.124
703,APPLIED ECONOMICS LETTERS,"2,812",0.591,0.003620,0.190
704,Spanish Journal of Finance and Accounting-Revista Espanola de Financiacion y Contabilida,212,0.590,0.000130,0.125
705,Journal of Applied Economics,309,0.588,0.000160,0.148
706,Cepal Review,469,0.587,0.000230,0.116
707,Review of Derivatives Research,216,0.579,0.000200,0.287
708,ENTERPRISE & SOCIETY,302,0.577,0.000750,0.437
709,Journal for East European Management Studies,146,0.571,0.000060,0.054
710,LABOR HISTORY,264,0.569,0.000290,0.127
711,REVIEW OF RADICAL POLITICAL ECONOMICS,584,0.568,0.000480,0.198
712,Journal of Neuroscience Psychology and Economics,260,0.567,0.000630,0.607
713,ASIA-PACIFIC JOURNAL OF OPERATIONAL RESEARCH,431,0.561,0.000680,0.179
714,Journal of Computational Finance,432,0.559,0.000430,0.385
715,Asia-Pacific Journal of Financial Studies,179,0.556,0.000300,0.145
716,South African Journal of Economic and Management Sciences,311,0.551,0.000260,0.085
717,MONTHLY LABOR REVIEW,974,0.546,0.001000,0.306
718,International Review of Economics Education,146,0.545,0.000110,Not Available
719,MATHEMATICAL SOCIAL SCIENCES,994,0.540,0.001840,0.414
720,ECONOMIC AND SOCIAL REVIEW,290,0.537,0.000340,0.238
721,Culture and Organization,267,0.531,0.000290,0.188
722,SOCIAL CHOICE AND WELFARE,"1,311",0.525,0.003490,0.610
723,Engineering Management Journal,441,0.524,0.000210,0.152
724,B E Journal of Economic Analysis & Policy,991,0.520,0.001230,0.325
724,Journal of Risk,606,0.520,0.000380,0.251
726,Journal of World Energy Law & Business,116,0.516,0.000160,0.087
727,FEDERAL RESERVE BANK OF ST LOUIS REVIEW,591,0.514,0.001090,0.826
728,Australian Economic Review,413,0.506,0.000590,0.213
729,AUSTRALIAN ECONOMIC HISTORY REVIEW,175,0.500,0.000250,0.276
729,Comptabilite Controle Audit,120,0.500,0.000070,0.093
729,DEVELOPING ECONOMIES,418,0.500,0.000180,0.217
729,Portuguese Economic Journal,179,0.500,0.000060,0.108
733,SINGAPORE ECONOMIC REVIEW,239,0.495,0.000290,0.092
734,Pacific Economic Review,393,0.492,0.000460,0.213
735,RBGN-Revista Brasileira de Gestao de Negocios,115,0.484,0.000050,0.026
736,Academia-Revista Latinoamericana de Administracion,165,0.474,0.000070,0.051
737,Economics of Governance,318,0.467,0.000290,0.283
738,RELATIONS INDUSTRIELLES-INDUSTRIAL RELATIONS,334,0.466,0.000260,0.138
739,Journal of Derivatives,574,0.463,0.000340,0.233
740,Asian Economic Policy Review,201,0.458,0.000240,0.315
741,AMERICAN JOURNAL OF ECONOMICS AND SOCIOLOGY,707,0.455,0.000280,0.134
742,SCOTTISH JOURNAL OF POLITICAL ECONOMY,742,0.449,0.000410,0.237
743,International Finance,333,0.448,0.000420,0.415
743,STUDIES IN NONLINEAR DYNAMICS AND ECONOMETRICS,490,0.448,0.000880,0.460
745,European Journal of the History of Economic Thought,306,0.440,0.000700,0.265
746,MANCHESTER SCHOOL,"1,146",0.430,0.000940,0.304
746,Pacific Journal of Optimization,477,0.430,0.001400,0.468
748,Asian-Pacific Economic Literature,131,0.429,0.000170,0.169
748,South African Journal of Business Management,229,0.429,0.000100,0.050
750,BULLETIN OF ECONOMIC RESEARCH,432,0.427,0.000560,0.242
751,JAPANESE ECONOMIC REVIEW,333,0.423,0.000500,0.290
752,JOURNAL OF INSTITUTIONAL AND THEORETICAL ECONOMICS-ZEITSCHRIFT FUR DIE GESAMTE STAATSWISSENSCHAFT,717,0.420,0.000690,0.289
753,JOURNAL OF MEDIA ECONOMICS,242,0.417,0.000230,0.307
754,Journal of Credit Risk,131,0.414,0.000150,0.160
755,INTERNATIONAL LABOR AND WORKING-CLASS HISTORY,226,0.412,0.000350,0.239
756,Journal of Korea Trade,45,0.395,0.000010,0.015
757,Custos e Agronegocio On Line,197,0.390,0.000120,0.026
758,International Journal of Health  Economics and Management,52,0.378,0.000260,0.317
759,International Journal of Arts Management,260,0.361,0.000110,0.104
760,FinanzArchiv,235,0.353,0.000320,0.243
761,Estudios de Economia,80,0.350,0.000060,0.096
762,Argumenta Oeconomica,74,0.347,0.000020,0.020
763,POLITICKA EKONOMIE,176,0.341,0.000100,0.038
764,Journal of Risk Model Validation,70,0.314,0.000080,0.078
765,Investigacion Economica,81,0.310,0.000070,0.055
766,Revista de Economia Aplicada,107,0.300,0.000120,0.126
767,Journal of Australian Political Economy,91,0.290,0.000100,0.108
768,History of Economic Ideas,97,0.289,0.000140,0.110
769,Review of Economic Design,144,0.286,0.000380,0.383
770,HITOTSUBASHI JOURNAL OF ECONOMICS,95,0.273,0.000120,0.142
771,TRIMESTRE ECONOMICO,178,0.263,0.000150,0.084
772,Labour History,158,0.262,0.000120,0.086
773,International Journal of Economic Theory,104,0.250,0.000250,0.166
774,Korean Economic Review,42,0.240,0.000100,0.110
775,ECONOMIST-NETHERLANDS,367,0.237,0.000250,0.198
776,MILITARY OPERATIONS RESEARCH,116,0.222,0.000090,0.101
777,NEGOTIATION JOURNAL,455,0.214,0.000260,0.147
778,International Insolvency Review,45,0.208,0.000010,0.021
779,LABOUR-LE TRAVAIL,294,0.205,0.000190,0.135
780,Asian Economic Journal,282,0.200,0.000200,0.165
780,JAHRBUCHER FUR NATIONALOKONOMIE UND STATISTIK,229,0.200,0.000230,0.130
782,BETRIEBSWIRTSCHAFTLICHE FORSCHUNG UND PRAXIS,144,0.186,0.000050,0.024
783,B E Journal of Theoretical Economics,166,0.173,0.000220,0.159
784,Annals of Economics and Finance,265,0.162,0.000370,0.258
785,Hacienda Publica Espanola-Review of Public Economics,265,0.143,0.000090,0.069
786,Revista de Economia Mundial,120,0.130,0.000090,0.051
787,Review of Network Economics,287,0.080,0.000530,0.663
788,REVUE D ETUDES COMPARATIVES EST-OUEST,40,0.053,0.000010,0.008
Copyright  2019 Clarivate Analytics,,,,,
"By exporting the selected data, you agree to the data usage policy set forth in the Terms of Use",,,,,
