"Journal Data Filtered By:  Selected JCR Year: 2018 Selected Editions: SCIE,SSCI Selected Categories: 'AUTOMATION & CONTROL SYSTEMS','COMMUNICATION','COMPUTER SCIENCE, HARDWARE & ARCHITECTURE','ENGINEERING, ELECTRICAL & ELECTRONIC','ROBOTICS','TELECOMMUNICATIONS' Selected Category Scheme: WoS",,,,,
Rank,Full Journal Title,Total Cites,Journal Impact Factor,Eigenfactor Score,Article Influence Score
1,IEEE Communications Surveys and Tutorials,"16,408",22.973,0.039660,5.788
2,Science Robotics,898,19.400,0.002430,5.272
3,IEEE TRANSACTIONS ON PATTERN ANALYSIS AND MACHINE INTELLIGENCE,"55,828",17.730,0.068830,5.319
4,IEEE Industrial Electronics Magazine,"1,884",13.241,0.003880,3.870
5,IEEE Transactions on Neural Networks and Learning Systems,"27,444",11.683,0.040210,2.710
6,IEEE WIRELESS COMMUNICATIONS,"7,804",11.000,0.017870,2.849
7,PROCEEDINGS OF THE IEEE,"34,533",10.694,0.028250,3.434
8,IEEE Transactions on Smart Grid,"22,572",10.486,0.043980,2.319
9,IEEE Transactions on Cybernetics,"13,561",10.387,0.046070,2.692
10,IEEE COMMUNICATIONS MAGAZINE,"24,753",10.356,0.053750,3.072
11,IEEE Internet of Things Journal,"6,119",9.515,0.010690,1.845
12,IEEE JOURNAL ON SELECTED AREAS IN COMMUNICATIONS,"20,299",9.302,0.046080,2.933
13,IEEE TRANSACTIONS ON FUZZY SYSTEMS,"15,574",8.759,0.018430,2.050
14,IEEE TRANSACTIONS ON MEDICAL IMAGING,"19,545",7.816,0.024980,1.809
15,IEEE Transactions on Sustainable Energy,"8,780",7.650,0.022410,2.205
16,IEEE SIGNAL PROCESSING MAGAZINE,"12,072",7.602,0.016800,4.228
17,IEEE NETWORK,"4,228",7.503,0.008700,1.872
17,IEEE TRANSACTIONS ON INDUSTRIAL ELECTRONICS,"61,342",7.503,0.100630,2.036
19,IEEE Transactions on Industrial Informatics,"13,187",7.377,0.028790,1.886
20,IEEE Transactions on Systems Man Cybernetics-Systems,"9,525",7.351,0.015440,1.460
21,IEEE TRANSACTIONS ON POWER ELECTRONICS,"52,702",7.224,0.074480,1.691
22,IEEE TRANSACTIONS ON POWER SYSTEMS,"44,737",6.807,0.051280,1.747
23,IEEE TRANSACTIONS ON IMAGE PROCESSING,"40,201",6.790,0.061450,2.115
24,IEEE Journal of Selected Topics in Signal Processing,"6,560",6.688,0.017500,2.529
25,IEEE Transactions on Robotics,"15,859",6.483,0.012930,1.614
26,IEEE Transactions on Dependable and Secure Computing,"2,439",6.404,0.003440,1.150
27,Soft Robotics,"1,179",6.403,0.002830,2.067
28,IEEE TRANSACTIONS ON WIRELESS COMMUNICATIONS,"29,218",6.394,0.058390,1.539
29,AUTOMATICA,"40,135",6.355,0.067330,2.341
30,IEEE CONTROL SYSTEMS MAGAZINE,"4,282",6.228,0.003780,2.138
31,IEEE Transactions on Information Forensics and Security,"9,811",6.211,0.019530,1.496
32,IEEE Vehicular Technology Magazine,"1,331",6.145,0.003360,1.796
33,INTERNATIONAL JOURNAL OF ROBOTICS RESEARCH,"10,619",6.134,0.011060,1.905
34,IEEE Journal of Emerging and Selected Topics in Power Electronics,"3,904",5.972,0.013390,1.906
35,PATTERN RECOGNITION,"27,711",5.898,0.030330,1.402
36,IEEE TRANSACTIONS ON INTELLIGENT TRANSPORTATION SYSTEMS,"13,098",5.744,0.021080,1.222
37,IEEE TRANSACTIONS ON COMMUNICATIONS,"21,149",5.690,0.038710,1.461
38,IEEE TRANSACTIONS ON GEOSCIENCE AND REMOTE SENSING,"43,741",5.630,0.046970,1.314
39,IEEE TRANSACTIONS ON MULTIMEDIA,"8,222",5.452,0.019840,1.554
40,COMMUNICATIONS OF THE ACM,"18,700",5.410,0.011710,1.912
41,IEEE TRANSACTIONS ON CONTROL SYSTEMS TECHNOLOGY,"13,739",5.371,0.022280,1.538
42,IEEE TRANSACTIONS ON VEHICULAR TECHNOLOGY,"26,445",5.339,0.046590,1.095
43,JOURNAL OF NETWORK AND COMPUTER APPLICATIONS,"6,959",5.273,0.011510,0.799
44,IEEE Transactions on Transportation Electrification,"1,127",5.270,0.002510,1.177
45,Nonlinear Analysis-Hybrid Systems,"1,853",5.266,0.004310,1.339
46,IEEE TRANSACTIONS ON SIGNAL PROCESSING,"40,339",5.230,0.054720,1.689
47,IEEE Transactions on Automation Science and Engineering,"5,165",5.224,0.010400,1.227
48,IEEE JOURNAL OF SOLID-STATE CIRCUITS,"21,488",5.173,0.024200,1.421
49,PROGRESS IN QUANTUM ELECTRONICS,"1,211",5.105,0.001190,2.162
50,IEEE TRANSACTIONS ON AUTOMATIC CONTROL,"47,987",5.093,0.061980,2.116
51,IEEE Transactions on Emerging Topics in Computing,"1,288",4.989,0.003270,1.191
52,IEEE-ASME TRANSACTIONS ON MECHATRONICS,"10,578",4.943,0.018620,1.143
53,Journal of Computer-Mediated Communication,"4,671",4.896,0.005040,2.208
54,IEEE Transactions on Control of Network Systems,"1,347",4.802,0.006500,Not Available
55,IEEE Power & Energy Magazine,"2,292",4.800,0.003180,1.144
55,NEW MEDIA & SOCIETY,"5,972",4.800,0.009910,1.484
57,IEEE TRANSACTIONS ON SOFTWARE ENGINEERING,"7,085",4.778,0.006190,1.397
58,ANNUAL REVIEWS IN CONTROL,"2,170",4.759,0.002350,1.129
59,IEEE JOURNAL OF SELECTED TOPICS IN QUANTUM ELECTRONICS,"10,758",4.681,0.015790,1.078
60,IEEE TRANSACTIONS ON ENERGY CONVERSION,"12,255",4.614,0.012970,1.386
61,IEEE Transactions on Computational Imaging,692,4.546,0.003200,Not Available
62,IEEE Circuits and Systems Magazine,977,4.481,0.001310,1.421
63,IEEE TRANSACTIONS ON MOBILE COMPUTING,"8,469",4.474,0.014480,1.032
64,IEEE INTELLIGENT SYSTEMS,"3,053",4.464,0.003620,1.073
65,IEEE Systems Journal,"4,736",4.463,0.008680,0.879
66,IEEE TRANSACTIONS ON ANTENNAS AND PROPAGATION,"41,688",4.435,0.047980,0.956
67,INTERNATIONAL JOURNAL OF ELECTRICAL POWER & ENERGY SYSTEMS,"15,267",4.418,0.021580,0.703
68,IEEE TRANSACTIONS ON POWER DELIVERY,"23,304",4.415,0.021310,1.093
69,ROBOTICS AND COMPUTER-INTEGRATED MANUFACTURING,"4,071",4.392,0.004640,0.813
70,IEEE TRANSACTIONS ON BROADCASTING,"2,606",4.374,0.003790,0.831
71,Journal of Field Robotics,"2,797",4.345,0.003760,1.122
72,ISA TRANSACTIONS,"6,115",4.343,0.011170,0.834
73,POLITICAL COMMUNICATION,"2,464",4.339,0.004020,2.033
74,EXPERT SYSTEMS WITH APPLICATIONS,"39,173",4.292,0.036290,0.790
75,IEEE Transactions on Biomedical Circuits and Systems,"3,380",4.252,0.006910,1.090
76,IEEE ROBOTICS & AUTOMATION MAGAZINE,"3,455",4.250,0.003130,1.151
77,JOURNAL OF LIGHTWAVE TECHNOLOGY,"24,277",4.162,0.032060,0.795
78,Information Communication & Society,"3,911",4.124,0.007900,1.409
79,Internet Research,"2,395",4.109,0.001720,0.598
80,IEEE Access,"20,879",4.098,0.039230,0.836
81,JOURNAL OF MACHINE LEARNING RESEARCH,"25,684",4.091,0.035140,3.591
82,SIGNAL PROCESSING,"13,641",4.086,0.019330,0.821
83,IEEE TRANSACTIONS ON CIRCUITS AND SYSTEMS FOR VIDEO TECHNOLOGY,"10,007",4.046,0.016280,1.370
84,BELL LABS TECHNICAL JOURNAL,563,4.000,0.000740,0.819
85,INTERNATIONAL JOURNAL OF ROBUST AND NONLINEAR CONTROL,"7,343",3.953,0.015800,1.186
86,IEEE TRANSACTIONS ON CIRCUITS AND SYSTEMS I-REGULAR PAPERS,"14,168",3.934,0.021840,1.180
87,IEEE TRANSACTIONS ON KNOWLEDGE AND DATA ENGINEERING,"12,124",3.857,0.018650,1.267
88,IEEE PERVASIVE COMPUTING,"2,247",3.813,0.001620,0.947
89,IEEE ANTENNAS AND PROPAGATION MAGAZINE,"3,505",3.804,0.004800,0.872
90,IEEE TRANSACTIONS ON MICROWAVE THEORY AND TECHNIQUES,"25,821",3.756,0.032050,1.103
91,IEEE ELECTRON DEVICE LETTERS,"14,904",3.753,0.020200,0.733
91,JOURNAL OF COMMUNICATION,"7,883",3.753,0.007950,2.361
93,JOURNAL OF THE FRANKLIN INSTITUTE-ENGINEERING AND APPLIED MATHEMATICS,"8,584",3.653,0.017220,0.853
94,AUTONOMOUS ROBOTS,"3,460",3.634,0.004060,1.008
95,IET Renewable Power Generation,"4,035",3.605,0.006940,0.742
96,IEEE-ACM TRANSACTIONS ON NETWORKING,"7,956",3.597,0.016700,1.271
97,COMPUTER,"7,260",3.564,0.005380,0.689
98,IEEE MULTIMEDIA,"1,008",3.556,0.001450,0.746
99,IEEE Wireless Communications Letters,"3,436",3.546,0.010820,0.930
100,HUMAN COMMUNICATION RESEARCH,"3,463",3.534,0.002470,1.444
100,IEEE Geoscience and Remote Sensing Letters,"12,217",3.534,0.023700,0.831
102,IEEE-ACM Transactions on Audio Speech and Language Processing,"3,110",3.531,0.006820,0.691
103,Vehicular Communications,554,3.530,0.000990,0.734
104,ENGINEERING APPLICATIONS OF ARTIFICIAL INTELLIGENCE,"6,789",3.526,0.009660,0.705
104,IET Control Theory and Applications,"7,815",3.526,0.016920,0.905
106,JOURNAL OF ADVERTISING,"4,143",3.518,0.002410,1.022
107,IEEE Antennas and Wireless Propagation Letters,"14,810",3.510,0.031740,0.922
108,High Voltage,242,3.508,0.000760,0.956
109,Ad Hoc Networks,"5,084",3.490,0.006850,0.599
110,IEEE COMMUNICATIONS LETTERS,"13,624",3.457,0.028480,0.718
111,IEEE Journal on Emerging and Selected Topics in Circuits and Systems,"1,381",3.433,0.004020,1.201
112,IEEE TRANSACTIONS ON PARALLEL AND DISTRIBUTED SYSTEMS,"9,658",3.402,0.019630,1.109
113,COMMUNICATION THEORY,"2,440",3.395,0.002450,1.718
114,IEEE Journal of Selected Topics in Applied Earth Observations and Remote Sensing,"9,671",3.392,0.024920,0.886
115,IEEE TRANSACTIONS ON INDUSTRY APPLICATIONS,"23,879",3.347,0.029970,0.942
116,Comunicar,"1,367",3.338,0.000760,0.288
117,JOURNAL OF PROCESS CONTROL,"6,754",3.316,0.006460,0.717
118,PUBLIC OPINION QUARTERLY,"6,139",3.310,0.005130,1.751
119,IEEE Intelligent Transportation Systems Magazine,839,3.294,0.001660,0.860
120,IEEE Consumer Electronics Magazine,636,3.273,0.000960,0.332
121,IEEE SIGNAL PROCESSING LETTERS,"11,570",3.268,0.024940,1.037
122,IEEE TRANSACTIONS ON CIRCUITS AND SYSTEMS II-EXPRESS BRIEFS,"7,784",3.250,0.012100,0.810
123,CONTROL ENGINEERING PRACTICE,"7,815",3.232,0.008340,0.744
124,IET Generation Transmission & Distribution,"8,044",3.229,0.015360,0.723
125,IEEE TRANSACTIONS ON INFORMATION THEORY,"40,105",3.215,0.039880,1.240
126,Sustainable Energy Grids & Networks,413,3.182,0.000840,Not Available
127,IEEE Transactions on Signal and Information Processing over Networks,518,3.153,0.001990,Not Available
128,IEEE TRANSACTIONS ON COMPUTERS,"9,931",3.131,0.014880,0.941
129,Bioinspiration & Biomimetics,"2,648",3.130,0.005740,0.943
130,Journal of Optical Communications and Networking,"2,662",3.093,0.004640,0.471
131,COMMUNICATION RESEARCH,"4,400",3.087,0.004410,1.505
132,International Journal of Fuzzy Systems,"1,809",3.085,0.001970,0.368
133,IEEE SENSORS JOURNAL,"18,838",3.076,0.029340,0.558
134,IEEE TRANSACTIONS ON INSTRUMENTATION AND MEASUREMENT,"13,459",3.067,0.014090,0.619
135,IET Electric Power Applications,"2,488",3.051,0.004290,0.719
136,Computer Networks,"10,122",3.030,0.011910,0.626
136,IEEE Transactions on Terahertz Science and Technology,"2,306",3.030,0.005260,0.779
138,ELECTRIC POWER SYSTEMS RESEARCH,"11,518",3.022,0.014160,0.646
138,IEEE Design & Test,"1,384",3.022,0.001510,0.520
140,IEEE SPECTRUM,"1,891",3.015,0.002400,0.511
141,Frontiers in Neurorobotics,609,3.000,0.001370,0.708
141,International Journal of Press-Politics,946,3.000,0.002190,1.406
143,IEEE TRANSACTIONS ON ULTRASONICS FERROELECTRICS AND FREQUENCY CONTROL,"11,266",2.989,0.008940,0.646
144,MECHATRONICS,"4,499",2.978,0.005370,0.700
145,IEEE MICROWAVE MAGAZINE,"2,152",2.949,0.004200,1.041
146,INTERNATIONAL JOURNAL OF CONTROL,"8,632",2.930,0.010910,0.823
147,ROBOTICS AND AUTONOMOUS SYSTEMS,"6,182",2.928,0.008140,0.713
148,IEEE TRANSACTIONS ON RELIABILITY,"5,313",2.888,0.006300,0.920
149,AEU-INTERNATIONAL JOURNAL OF ELECTRONICS AND COMMUNICATIONS,"4,380",2.853,0.004250,0.290
150,Journal of Modern Power Systems and Clean Energy,907,2.848,0.002130,0.535
151,IET Power Electronics,"5,567",2.839,0.013050,0.751
152,SIGNAL PROCESSING-IMAGE COMMUNICATION,"2,817",2.814,0.005160,0.676
153,IEEE TRANSACTIONS ON AEROSPACE AND ELECTRONIC SYSTEMS,"12,904",2.797,0.013030,0.839
154,DIGITAL SIGNAL PROCESSING,"4,942",2.792,0.006750,0.570
155,CHEMOMETRICS AND INTELLIGENT LABORATORY SYSTEMS,"9,266",2.786,0.008160,0.652
156,Pervasive and Mobile Computing,"2,323",2.769,0.004200,0.599
157,COMPUTER COMMUNICATIONS,"5,251",2.766,0.007120,0.644
158,IEEE Transactions on Cognitive and Developmental Systems,221,2.755,0.000300,0.478
159,PUBLIC UNDERSTANDING OF SCIENCE,"2,704",2.754,0.003630,0.832
160,IEEE JOURNAL OF QUANTUM ELECTRONICS,"9,601",2.753,0.003920,0.537
161,SENSORS AND ACTUATORS A-PHYSICAL,"18,804",2.739,0.017520,0.547
162,MEDIA PSYCHOLOGY,"1,626",2.736,0.001780,1.196
163,IMAGE AND VISION COMPUTING,"5,870",2.733,0.006950,1.236
164,Science China-Information Sciences,"2,668",2.731,0.005840,0.390
165,IEEE Photonics Journal,"7,148",2.729,0.016560,0.611
166,MATERIALS SCIENCE IN SEMICONDUCTOR PROCESSING,"7,465",2.722,0.012310,0.384
167,IEEE TRANSACTIONS ON ELECTRON DEVICES,"23,686",2.704,0.025130,0.564
168,Journalism,"2,068",2.691,0.003390,0.793
169,CSEE Journal of Power and Energy Systems,536,2.680,0.002200,Not Available
170,Digital Journalism,"1,066",2.679,0.003090,0.967
171,SEMICONDUCTOR SCIENCE AND TECHNOLOGY,"8,188",2.654,0.010140,0.576
172,COMPUTER VISION AND IMAGE UNDERSTANDING,"6,450",2.645,0.009340,1.033
173,SYSTEMS & CONTROL LETTERS,"8,295",2.624,0.013390,1.384
174,JOURNAL OF MICROELECTROMECHANICAL SYSTEMS,"6,829",2.621,0.005140,0.466
175,Journal of Real-Time Image Processing,"1,029",2.588,0.001740,0.443
176,IEEE MICRO,"1,798",2.570,0.002160,0.775
177,IEEE JOURNAL OF OCEANIC ENGINEERING,"4,355",2.567,0.003390,0.661
178,IEEE PHOTONICS TECHNOLOGY LETTERS,"17,578",2.553,0.021810,0.520
179,ACM Transactions on Sensor Networks,"1,401",2.507,0.001730,0.530
180,INTERNATIONAL JOURNAL OF ADVANCED MANUFACTURING TECHNOLOGY,"30,520",2.496,0.033780,0.387
181,Environmental Communication-A Journal of Nature and Culture,884,2.469,0.001320,0.548
181,INTERNATIONAL JOURNAL OF SYSTEMS SCIENCE,"5,049",2.469,0.008670,0.512
183,Journal of Bionic Engineering,"1,391",2.463,0.001770,0.429
184,COMPUTER STANDARDS & INTERFACES,"1,499",2.441,0.001460,0.295
185,IT Professional,761,2.424,0.001230,0.513
186,WIRELESS NETWORKS,"3,293",2.405,0.004020,0.353
187,IEEE TRANSACTIONS ON COMPUTER-AIDED DESIGN OF INTEGRATED CIRCUITS AND SYSTEMS,"5,222",2.402,0.007060,0.637
188,Peer-to-Peer Networking and Applications,874,2.397,0.001430,0.303
189,MOBILE NETWORKS & APPLICATIONS,"2,079",2.390,0.002980,0.588
190,Journal of Mechanisms and Robotics-Transactions of the ASME,"1,814",2.377,0.003830,0.629
191,IEEE MICROWAVE AND WIRELESS COMPONENTS LETTERS,"7,642",2.374,0.014440,0.726
192,COMMUNICATION MONOGRAPHS,"2,770",2.365,0.001510,0.964
193,MULTIDIMENSIONAL SYSTEMS AND SIGNAL PROCESSING,932,2.338,0.001850,0.527
194,Mobile Media & Communication,347,2.333,0.001280,0.786
195,Progress in Electromagnetics Research-PIER,"3,489",2.322,0.003700,0.409
196,Communication Methods and Measures,714,2.306,0.000960,Not Available
197,SCIENCE COMMUNICATION,"1,254",2.302,0.001890,0.918
198,International Journal of Social Robotics,"1,138",2.296,0.001360,0.427
199,IEEE TRANSACTIONS ON NANOTECHNOLOGY,"3,531",2.292,0.004840,0.497
200,IEEE TRANSACTIONS ON ELECTROMAGNETIC COMPATIBILITY,"5,738",2.274,0.005340,0.400
201,Nano Communication Networks,378,2.250,0.000400,Not Available
202,INTERNATIONAL JOURNAL OF ADAPTIVE CONTROL AND SIGNAL PROCESSING,"2,066",2.239,0.003900,0.655
203,International Journal of Advertising,"1,653",2.234,0.001410,0.559
204,Journalism Studies,"2,226",2.233,0.003220,0.770
205,IEEE TRANSACTIONS ON EDUCATION,"1,591",2.214,0.000980,0.381
206,Swarm Intelligence,595,2.208,0.000620,0.748
207,JOURNAL OF MATERIALS SCIENCE-MATERIALS IN ELECTRONICS,"17,675",2.195,0.022360,0.242
208,COMPUTERS & ELECTRICAL ENGINEERING,"3,855",2.189,0.005640,0.376
208,Mass Communication and Society,"1,431",2.189,0.001920,0.760
210,INTERNATIONAL JOURNAL OF CONTROL AUTOMATION AND SYSTEMS,"3,021",2.181,0.003680,0.299
211,JOURNAL OF THE ACM,"7,000",2.170,0.006270,2.261
212,JOURNAL OF SUPERCOMPUTING,"3,374",2.157,0.005580,0.334
213,JOURNAL OF MICROMECHANICS AND MICROENGINEERING,"11,286",2.141,0.009100,0.448
214,IEEE TRANSACTIONS ON DIELECTRICS AND ELECTRICAL INSULATION,"11,099",2.135,0.008730,0.347
215,Journal of Public Relations Research,"1,447",2.125,0.001110,0.815
216,Journalism Practice,"1,461",2.124,0.002740,Not Available
217,IEEE AEROSPACE AND ELECTRONIC SYSTEMS MAGAZINE,"1,381",2.113,0.001620,0.448
218,MULTIMEDIA TOOLS AND APPLICATIONS,"8,199",2.101,0.011760,0.263
219,JOURNAL OF ADVERTISING RESEARCH,"2,741",2.100,0.001130,0.552
220,IEEE TRANSACTIONS ON CONSUMER ELECTRONICS,"4,064",2.083,0.001960,0.362
221,ASSEMBLY AUTOMATION,930,2.056,0.000830,0.312
222,ACM Journal on Emerging Technologies in Computing Systems,551,2.055,0.001360,0.520
223,Feminist Media Studies,"1,103",2.042,0.002380,Not Available
224,IET Microwaves Antennas & Propagation,"3,783",2.036,0.008310,0.553
225,JOURNALISM & MASS COMMUNICATION QUARTERLY,"2,045",2.030,0.002110,0.776
226,Journal of Sensors,"2,409",2.024,0.004740,0.390
227,JOURNAL OF INTELLIGENT & ROBOTIC SYSTEMS,"3,443",2.020,0.005250,0.521
228,EUROPEAN JOURNAL OF COMMUNICATION,"1,283",2.015,0.001920,0.829
228,IET Radar Sonar and Navigation,"2,534",2.015,0.005130,0.484
230,ASIAN JOURNAL OF CONTROL,"2,748",2.005,0.004350,0.339
231,IET Image Processing,"1,636",2.004,0.002330,0.326
232,IEEE Journal of the Electron Devices Society,884,2.000,0.002590,0.764
232,TELECOMMUNICATIONS POLICY,"1,801",2.000,0.002070,0.407
232,TELECOMMUNICATIONS POLICY,"1,801",2.000,0.002070,0.407
235,JOURNAL OF ELECTRONIC PACKAGING,"1,252",1.990,0.001200,0.352
236,SIAM JOURNAL ON CONTROL AND OPTIMIZATION,"8,028",1.986,0.014550,1.435
237,IEEE ELECTRICAL INSULATION MAGAZINE,"1,975",1.983,0.001570,0.784
238,VLDB JOURNAL,"2,259",1.973,0.002770,1.112
239,INTERNATIONAL JOURNAL OF HIGH PERFORMANCE COMPUTING APPLICATIONS,"1,123",1.956,0.001230,0.573
239,RESEARCH ON LANGUAGE AND SOCIAL INTERACTION,"1,324",1.956,0.001680,1.146
239,TRANSACTIONS OF THE INSTITUTE OF MEASUREMENT AND CONTROL,"1,815",1.956,0.002030,0.245
242,IEEE TRANSACTIONS ON VERY LARGE SCALE INTEGRATION (VLSI) SYSTEMS,"5,703",1.946,0.011050,0.554
243,Policy and Internet,468,1.927,0.001200,Not Available
244,CIRCUITS SYSTEMS AND SIGNAL PROCESSING,"2,844",1.922,0.004810,0.333
245,JOURNAL OF BROADCASTING & ELECTRONIC MEDIA,"2,230",1.917,0.001890,0.797
246,Journal of Ambient Intelligence and Humanized Computing,861,1.910,0.000890,0.201
247,IET Science Measurement & Technology,"1,265",1.895,0.002660,0.409
248,Signal Image and Video Processing,"2,009",1.894,0.003430,0.303
249,MEDIA CULTURE & SOCIETY,"2,290",1.886,0.003330,0.672
250,China Communications,"1,797",1.882,0.003560,0.240
251,IEEE Transactions on Components Packaging and Manufacturing Technology,"5,550",1.860,0.006560,0.454
252,JOURNAL OF CHEMOMETRICS,"3,900",1.847,0.002200,0.497
253,HEALTH COMMUNICATION,"3,135",1.846,0.005470,0.646
254,OPTICAL FIBER TECHNOLOGY,"1,983",1.824,0.002950,0.359
255,Sustainable Computing-Informatics & Systems,307,1.800,0.000420,0.260
256,MACHINE VISION AND APPLICATIONS,"2,038",1.788,0.003500,0.564
257,IET Communications,"3,101",1.779,0.004890,0.241
258,JOURNAL OF HEALTH COMMUNICATION,"4,290",1.773,0.007660,0.836
259,Electronics,975,1.764,0.001890,Not Available
260,Journal of Infrared Millimeter and Terahertz Waves,"1,756",1.762,0.003430,0.548
261,IET Signal Processing,"1,332",1.754,0.002340,0.327
262,EURASIP Journal on Advances in Signal Processing,"3,953",1.749,0.003860,0.433
263,Personal and Ubiquitous Computing,"2,371",1.735,0.002680,0.385
264,DISPLAYS,"1,032",1.714,0.001130,0.365
265,TELECOMMUNICATION SYSTEMS,"1,757",1.707,0.002210,0.207
266,TSINGHUA SCIENCE AND TECHNOLOGY,"1,068",1.696,0.001510,0.364
267,IEEE TRANSACTIONS ON APPLIED SUPERCONDUCTIVITY,"10,632",1.692,0.013860,0.276
268,PERFORMANCE EVALUATION,"1,440",1.689,0.002000,0.579
269,JOURNAL OF ELECTROSTATICS,"3,442",1.688,0.002770,0.369
270,DISCOURSE STUDIES,"1,337",1.678,0.001510,0.724
270,JOURNAL OF SOCIAL AND PERSONAL RELATIONSHIPS,"3,550",1.678,0.003050,0.787
272,JOURNAL OF ELECTRONIC MATERIALS,"11,282",1.676,0.012470,0.273
272,Journal of Network and Systems Management,382,1.676,0.000940,0.449
274,IEEE Magnetics Letters,622,1.672,0.002200,0.595
275,IET Optoelectronics,424,1.667,0.000730,0.298
276,RADIO SCIENCE,"5,484",1.658,0.003820,0.523
277,MICROELECTRONIC ENGINEERING,"7,987",1.654,0.008240,0.310
278,IEEE TRANSACTIONS ON MAGNETICS,"26,308",1.651,0.025790,0.362
279,IET Computer Vision,883,1.648,0.001340,0.261
280,Journal of Computational Electronics,"1,206",1.637,0.002120,0.276
281,Mobile Information Systems,986,1.635,0.001880,0.250
282,INTERNATIONAL JOURNAL OF SATELLITE COMMUNICATIONS AND NETWORKING,447,1.633,0.000620,0.296
283,JOURNAL OF COMMUNICATIONS AND NETWORKS,"1,022",1.632,0.001770,0.373
284,Navigation-Journal of the Institute of Navigation,650,1.629,0.000880,0.474
285,IETE TECHNICAL REVIEW,805,1.618,0.000920,0.249
286,PUBLIC RELATIONS REVIEW,"3,512",1.616,0.002290,0.322
287,International Journal of Distributed Sensor Networks,"4,131",1.614,0.008260,0.255
288,Convergence-The International Journal of Research into New Media Technologies,651,1.607,0.000960,0.423
289,EURASIP Journal on Wireless Communications and Networking,"3,447",1.592,0.004960,0.296
290,International Journal of Computers Communications & Control,863,1.585,0.000780,0.168
291,IEEE TRANSACTIONS ON DEVICE AND MATERIALS RELIABILITY,"1,842",1.583,0.002520,0.398
292,Games and Culture,714,1.574,0.000580,0.309
293,Archives of Control Sciences,255,1.559,0.000310,Not Available
294,INTERNATIONAL JOURNAL OF CIRCUIT THEORY AND APPLICATIONS,"1,486",1.554,0.001790,0.241
295,Annals of Telecommunications,648,1.552,0.000970,0.276
296,EUROPEAN JOURNAL OF CONTROL,"1,398",1.549,0.002300,0.871
297,OPTICAL AND QUANTUM ELECTRONICS,"3,584",1.547,0.004500,0.210
298,EURASIP Journal on Image and Video Processing,990,1.534,0.001830,0.472
299,CANADIAN JOURNAL OF ELECTRICAL AND COMPUTER ENGINEERING-REVUE CANADIENNE DE GENIE ELECTRIQUE ET INFORMATIQUE,312,1.530,0.000610,0.325
300,Applied Bionics and Biomechanics,523,1.525,0.000620,0.318
301,Journal of Media Psychology-Theories Methods and Applications,410,1.514,0.000760,0.660
302,MICROSYSTEM TECHNOLOGIES-MICRO-AND NANOSYSTEMS-INFORMATION STORAGE AND PROCESSING SYSTEMS,"3,976",1.513,0.004710,0.210
303,Profesional de la Informacion,878,1.505,0.000790,0.139
304,International Journal of Applied Mathematics and Computer Science,"1,205",1.504,0.001040,0.240
305,IEEE Embedded Systems Letters,298,1.500,0.000990,Not Available
305,SOLDERING & SURFACE MOUNT TECHNOLOGY,346,1.500,0.000210,0.130
307,SOLID-STATE ELECTRONICS,"7,087",1.492,0.004420,0.288
308,INTERNATIONAL JOURNAL OF PUBLIC OPINION RESEARCH,"1,295",1.484,0.002200,1.082
309,MICROELECTRONICS RELIABILITY,"6,983",1.483,0.006730,0.259
310,INTERNATIONAL JOURNAL OF RF AND MICROWAVE COMPUTER-AIDED ENGINEERING,990,1.472,0.001350,0.223
311,JOURNAL OF DYNAMIC SYSTEMS MEASUREMENT AND CONTROL-TRANSACTIONS OF THE ASME,"4,976",1.466,0.004080,0.359
312,OPTIMAL CONTROL APPLICATIONS & METHODS,"1,232",1.452,0.001770,0.448
313,Physical Communication,809,1.451,0.001370,0.352
314,Semiconductors and Semimetals,569,1.439,0.000440,0.438
315,OPTO-ELECTRONICS REVIEW,842,1.438,0.000780,0.326
316,IEEE TRANSACTIONS ON NUCLEAR SCIENCE,"12,399",1.428,0.010290,0.344
317,AUTONOMOUS AGENTS AND MULTI-AGENT SYSTEMS,877,1.419,0.001720,0.719
318,QUANTUM ELECTRONICS,"3,633",1.404,0.002700,0.197
319,WIRELESS COMMUNICATIONS & MOBILE COMPUTING,"3,421",1.396,0.002370,0.212
320,Journal of Children and Media,451,1.388,0.001100,Not Available
321,Security and Communication Networks,"2,025",1.376,0.004210,0.242
322,IEEE INDUSTRY APPLICATIONS MAGAZINE,943,1.373,0.000950,0.333
323,ACM Transactions on Embedded Computing Systems,"1,426",1.368,0.003740,0.482
324,Optical Switching and Networking,452,1.353,0.000710,0.234
325,JOURNAL OF ELECTROMAGNETIC WAVES AND APPLICATIONS,"2,073",1.351,0.002570,0.201
325,JOURNAL OF VACUUM SCIENCE & TECHNOLOGY B,"8,092",1.351,0.005750,0.305
327,International Journal of Antennas and Propagation,"2,081",1.347,0.004650,0.277
327,Studies in Informatics and Control,352,1.347,0.000310,0.105
329,Intelligent Service Robotics,248,1.346,0.000360,0.249
330,ELECTRONICS LETTERS,"19,870",1.343,0.021820,0.340
331,PHOTONIC NETWORK COMMUNICATIONS,519,1.328,0.000850,0.208
332,ACM Transactions on Storage,465,1.322,0.001030,0.731
333,International Transactions on Electrical Energy Systems,"1,219",1.314,0.002380,0.225
334,Revista Iberoamericana de Automatica e Informatica Industrial,292,1.313,0.000290,0.108
335,Argumentation,583,1.300,0.000400,0.270
336,ELECTRICAL ENGINEERING,796,1.296,0.000600,0.174
337,ESAIM-CONTROL OPTIMISATION AND CALCULUS OF VARIATIONS,"1,313",1.295,0.004240,1.112
338,International Journal of Business Communication,100,1.293,0.000260,Not Available
339,LANGUAGE & COMMUNICATION,"1,179",1.292,0.001390,0.477
340,International Journal of Sensor Networks,485,1.289,0.000630,0.153
341,International Journal of Humanoid Robotics,591,1.286,0.000400,0.176
342,MICROELECTRONICS JOURNAL,"3,059",1.284,0.002920,0.246
343,INTERNATIONAL JOURNAL OF COMMUNICATION SYSTEMS,"1,863",1.278,0.002890,0.212
344,IET Circuits Devices & Systems,761,1.277,0.001210,0.299
345,CRITICAL STUDIES IN MEDIA COMMUNICATION,645,1.267,0.000930,0.447
346,Transactions on Emerging Telecommunications Technologies,"1,013",1.258,0.002040,0.266
347,INTERNATIONAL JOURNAL OF IMAGING SYSTEMS AND TECHNOLOGY,813,1.254,0.000450,0.180
348,Television & New Media,617,1.245,0.001070,0.340
349,EURASIP Journal on Audio Speech and Music Processing,364,1.244,0.000740,0.374
350,DISCOURSE & SOCIETY,"1,910",1.237,0.001470,0.682
350,JOURNAL OF CRYPTOLOGY,"1,284",1.237,0.001130,0.641
352,International Journal of Network Management,275,1.231,0.000300,0.167
353,MEASUREMENT & CONTROL,261,1.229,0.000220,0.139
354,NETWORKS,"2,342",1.227,0.001820,0.540
355,International Journal of Advanced Robotic Systems,"2,341",1.223,0.003790,0.225
356,Communication & Sport,304,1.220,0.000690,0.397
357,WRITTEN COMMUNICATION,960,1.219,0.000630,0.625
358,INTERNATIONAL JOURNAL OF CONFLICT MANAGEMENT,899,1.196,0.000530,0.336
359,Journal of Micro-Nanolithography MEMS and MOEMS,954,1.193,0.001310,0.187
359,Management Communication Quarterly,"1,311",1.193,0.000980,0.505
361,Industrial Robot-The International Journal of Robotics Research and Application,"1,241",1.190,0.000900,0.220
362,Journal of Ambient Intelligence and Smart Environments,306,1.186,0.000390,0.143
363,JOURNAL OF COMPUTER SCIENCE AND TECHNOLOGY,"1,082",1.185,0.001630,0.274
364,ROBOTICA,"2,343",1.184,0.002410,0.312
365,JOURNAL OF DYNAMICAL AND CONTROL SYSTEMS,496,1.169,0.001240,0.507
366,ACM Transactions on Architecture and Code Optimization,690,1.166,0.001970,0.433
366,PROCEEDINGS OF THE INSTITUTION OF MECHANICAL ENGINEERS PART I-JOURNAL OF SYSTEMS AND CONTROL ENGINEERING,"1,255",1.166,0.001050,0.222
368,JOURNAL OF SYSTEMS ARCHITECTURE,855,1.159,0.001370,0.273
369,INTEGRATION-THE VLSI JOURNAL,793,1.150,0.001280,0.257
369,Interaction Studies,419,1.150,0.000420,0.297
371,IEEE Computer Architecture Letters,399,1.149,0.000910,0.442
372,IEEE TRANSACTIONS ON PROFESSIONAL COMMUNICATION,562,1.143,0.000540,0.390
373,IEEE TRANSACTIONS ON SEMICONDUCTOR MANUFACTURING,"1,546",1.140,0.001110,0.260
374,Advances in Computers,436,1.135,0.000380,0.308
374,Journal of the Society for Information Display,"1,155",1.135,0.001120,0.225
376,JOURNAL OF COMPUTER AND SYSTEM SCIENCES,"4,304",1.129,0.003990,0.658
377,DISCRETE EVENT DYNAMIC SYSTEMS-THEORY AND APPLICATIONS,592,1.128,0.000890,0.614
378,ADVANCED ROBOTICS,"1,875",1.104,0.001900,0.250
379,Asian Journal of Communication,554,1.097,0.000840,0.362
380,PERSONAL RELATIONSHIPS,"2,231",1.096,0.001740,0.552
381,INTERNATIONAL JOURNAL OF ELECTRONICS,"1,599",1.070,0.001080,0.120
382,International Journal of Communication,"2,401",1.069,0.006520,0.512
383,Chinese Journal of Communication,228,1.064,0.000470,0.302
384,MICROPROCESSORS AND MICROSYSTEMS,"1,017",1.045,0.001880,0.232
385,CIRCUIT WORLD,258,1.042,0.000120,0.084
386,Journal of Signal Processing Systems for Signal Image and Video Technology,872,1.035,0.001360,0.203
387,Frontiers of Information Technology & Electronic Engineering,419,1.033,0.000740,0.156
387,JOURNAL OF APPLIED COMMUNICATION RESEARCH,"1,054",1.033,0.000870,0.481
389,IEEE INSTRUMENTATION & MEASUREMENT MAGAZINE,607,1.024,0.000800,0.314
390,IEEE TECHNOLOGY AND SOCIETY MAGAZINE,343,1.022,0.000560,0.337
391,JOURNAL OF LANGUAGE AND SOCIAL PSYCHOLOGY,"1,448",1.014,0.001460,0.614
392,IMA JOURNAL OF MATHEMATICAL CONTROL AND INFORMATION,700,1.000,0.001200,0.367
392,NETWORK-COMPUTATION IN NEURAL SYSTEMS,755,1.000,0.000110,0.228
394,Journal of Nanoelectronics and Optoelectronics,654,0.989,0.000680,0.069
395,APPLIED ARTIFICIAL INTELLIGENCE,698,0.988,0.000440,0.153
396,Critical Discourse Studies,479,0.984,0.000880,0.478
397,Discourse & Communication,437,0.983,0.000740,0.455
398,COMPUTER JOURNAL,"3,663",0.980,0.002290,0.250
399,Journal of Media Ethics,330,0.967,0.000280,0.248
399,Radioengineering,"1,441",0.967,0.001510,0.170
401,Rhetoric Society Quarterly,373,0.956,0.000230,0.152
402,Communication and Critical-Cultural Studies,353,0.953,0.000670,0.388
403,Ad Hoc & Sensor Wireless Networks,371,0.948,0.000510,0.119
404,International Journal of Optomechatronics,169,0.947,0.000270,0.235
405,CHINESE JOURNAL OF ELECTRONICS,899,0.945,0.001300,0.119
406,International Communication Gazette,696,0.944,0.000880,0.329
407,ACM TRANSACTIONS ON DESIGN AUTOMATION OF ELECTRONIC SYSTEMS,591,0.942,0.001500,0.356
408,INTERNATIONAL JOURNAL OF ELECTRICAL ENGINEERING EDUCATION,239,0.941,0.000110,0.063
409,JOURNAL OF CIRCUITS SYSTEMS AND COMPUTERS,"1,185",0.939,0.001150,0.101
410,MICROWAVE AND OPTICAL TECHNOLOGY LETTERS,"6,031",0.933,0.006830,0.144
411,WIRELESS PERSONAL COMMUNICATIONS,"5,256",0.929,0.007900,0.142
412,JOURNAL OF ELECTRONIC IMAGING,"2,410",0.924,0.002250,0.165
413,MODELING IDENTIFICATION AND CONTROL,460,0.914,0.000200,0.170
414,Journal of Power Electronics,"1,173",0.901,0.001900,0.182
415,JOURNAL OF BUSINESS AND TECHNICAL COMMUNICATION,369,0.900,0.000400,0.385
416,ELECTRIC POWER COMPONENTS AND SYSTEMS,"1,834",0.888,0.002240,0.202
417,ETRI JOURNAL,"1,032",0.861,0.001300,0.157
418,JAVNOST-THE PUBLIC,334,0.860,0.000540,0.279
419,IET Computers and Digital Techniques,271,0.857,0.000370,0.180
420,JOURNAL OF MICROWAVE POWER AND ELECTROMAGNETIC ENERGY,502,0.850,0.000190,0.146
421,MICROELECTRONICS INTERNATIONAL,188,0.840,0.000160,0.097
422,NEW GENERATION COMPUTING,290,0.833,0.000250,0.225
423,ANALOG INTEGRATED CIRCUITS AND SIGNAL PROCESSING,"1,651",0.823,0.001720,0.122
424,Discourse Context & Media,286,0.815,0.000640,0.311
425,ACM Transactions on Reconfigurable Technology and Systems,281,0.813,0.000600,0.349
426,IEEE Latin America Transactions,"1,597",0.804,0.001990,0.080
427,MATHEMATICS OF CONTROL SIGNALS AND SYSTEMS,801,0.800,0.000980,0.675
428,INTERNATIONAL JOURNAL OF NUMERICAL MODELLING-ELECTRONIC NETWORKS DEVICES AND FIELDS,510,0.795,0.000640,0.140
429,IETE JOURNAL OF RESEARCH,540,0.793,0.000610,0.116
430,IBM JOURNAL OF RESEARCH AND DEVELOPMENT,"3,383",0.790,0.000900,0.260
430,INTELLIGENT AUTOMATION AND SOFT COMPUTING,471,0.790,0.000360,0.097
432,Visual Communication,455,0.767,0.000550,0.381
433,Revue Roumaine des Sciences Techniques-Serie Electrotechnique et Energetique,308,0.763,0.000090,0.026
434,QUARTERLY JOURNAL OF SPEECH,996,0.758,0.000410,0.306
435,Radiophysics and Quantum Electronics,"1,310",0.755,0.001340,0.231
436,INTERNATIONAL JOURNAL OF ROBOTICS & AUTOMATION,502,0.754,0.000360,0.103
437,Translator,455,0.744,0.000450,0.394
438,Journal of Systems Engineering and Electronics,"1,070",0.721,0.001230,0.142
439,Journal of Electrical Engineering & Technology,"1,212",0.715,0.001790,0.109
439,Journal of Internet Technology,673,0.715,0.001010,0.115
441,Media International Australia,445,0.713,0.000660,0.176
442,KSII Transactions on Internet and Information Systems,"1,110",0.711,0.001670,0.090
443,Communications-European Journal of Communication Research,470,0.707,0.000490,0.350
443,Information Technology and Control,278,0.707,0.000260,0.099
445,COMPEL-THE INTERNATIONAL JOURNAL FOR COMPUTATION AND MATHEMATICS IN ELECTRICAL AND ELECTRONIC ENGINEERING,"1,043",0.705,0.001190,0.131
446,Social Semiotics,550,0.704,0.000920,0.396
447,International Journal of Microwave and Wireless Technologies,543,0.703,0.001160,0.139
448,IEEJ Transactions on Electrical and Electronic Engineering,840,0.686,0.001000,0.117
449,Elektronika Ir Elektrotechnika,764,0.684,0.000840,0.089
449,INTERNATIONAL JOURNAL OF APPLIED ELECTROMAGNETICS AND MECHANICS,"1,197",0.684,0.001550,0.107
451,TECHNICAL COMMUNICATION,433,0.657,0.000180,0.183
452,Communication Culture & Critique,324,0.653,0.000700,0.311
453,Advances in Electrical and Computer Engineering,393,0.650,0.000390,0.085
454,INTERNATIONAL JOURNAL OF SOFTWARE ENGINEERING AND KNOWLEDGE ENGINEERING,425,0.644,0.000460,0.104
455,Journal of Electrical Engineering-Elektrotechnicky Casopis,566,0.636,0.000430,0.086
456,JOURNAL OF ELECTRONIC TESTING-THEORY AND APPLICATIONS,417,0.625,0.000540,0.150
456,Turkish Journal of Electrical Engineering and Computer Sciences,"1,163",0.625,0.001390,0.087
458,ELECTROMAGNETICS,508,0.609,0.000350,0.116
459,COMPUTER SYSTEMS SCIENCE AND ENGINEERING,178,0.608,0.000160,Not Available
460,Iranian Journal of Science and Technology-Transactions of Electrical Engineering,47,0.600,0.000060,0.061
461,IEICE TRANSACTIONS ON ELECTRONICS,"1,240",0.599,0.001350,0.114
462,FREQUENZ,306,0.595,0.000360,0.087
463,AUTOMATION AND REMOTE CONTROL,"1,883",0.589,0.001310,0.108
464,IEICE Electronics Express,"1,302",0.586,0.001930,0.101
465,APPLIED COMPUTATIONAL ELECTROMAGNETICS SOCIETY JOURNAL,755,0.584,0.001200,0.105
466,Control Engineering and Applied Informatics,266,0.583,0.000210,0.070
467,IEICE TRANSACTIONS ON COMMUNICATIONS,"1,865",0.580,0.002110,0.113
468,International Journal of Ad Hoc and Ubiquitous Computing,360,0.560,0.000440,0.104
469,DESIGN AUTOMATION FOR EMBEDDED SYSTEMS,160,0.556,0.000230,0.207
470,NARRATIVE INQUIRY,496,0.514,0.000300,0.233
471,JOURNAL OF COMMUNICATIONS TECHNOLOGY AND ELECTRONICS,"1,122",0.510,0.000680,0.057
472,AT-Automatisierungstechnik,322,0.500,0.000330,0.068
473,Continuum-Journal of Media & Cultural Studies,712,0.486,0.000840,0.185
473,INTEGRATED FERROELECTRICS,"1,188",0.486,0.001180,0.093
475,JOURNAL OF MEDIA ECONOMICS,242,0.417,0.000230,0.307
476,International Arab Journal of Information Technology,674,0.410,0.000430,0.067
477,Journal of Semiconductor Technology and Science,295,0.407,0.000590,0.090
478,Automatika,250,0.403,0.000240,0.066
479,Text & Talk,451,0.400,0.000670,0.313
480,Traitement du Signal,65,0.387,0.000020,0.022
481,IEICE TRANSACTIONS ON FUNDAMENTALS OF ELECTRONICS COMMUNICATIONS AND COMPUTER SCIENCES,"1,722",0.368,0.001970,0.082
482,INFORMACIJE MIDEM-JOURNAL OF MICROELECTRONICS ELECTRONIC COMPONENTS AND MATERIALS,107,0.356,0.000180,0.087
483,FUJITSU SCIENTIFIC & TECHNICAL JOURNAL,191,0.350,0.000170,0.045
483,MICROWAVE JOURNAL,477,0.350,0.000380,0.065
485,African Journalism Studies,36,0.347,0.000160,0.142
486,Journal of African Media Studies,85,0.309,0.000210,0.142
487,ELECTRICAL ENGINEERING IN JAPAN,528,0.240,0.000390,0.056
488,EPE Journal,124,0.219,0.000030,0.030
489,Light & Engineering,117,0.216,0.000050,0.015
490,Electronics and Communications in Japan,252,0.204,0.000320,0.051
491,SOLID STATE TECHNOLOGY,175,0.171,0.000040,0.016
492,Tijdschrift voor Communicatiewetenschap,45,0.086,0.000070,0.062
Copyright Â© 2019 Clarivate Analytics,,,,,
"By exporting the selected data, you agree to the data usage policy set forth in the Terms of Use",,,,,
